sample_id,fold,0,1,2,3,4
ERR1368917,fold_1,0.028123680060305647,0.07408738618355151,0.26945264473333863,0.6174789158450507,0.010857373177753751
ERR1368928,fold_1,0.024660396985568264,0.07754251068895901,0.2349683533837161,0.651460115168118,0.011368623773639168
ERR1368929,fold_1,0.027308378156531893,0.09313358718382267,0.3919678595225285,0.4799838874831919,0.007606287653925032
ERR1368934,fold_1,0.0232623643259544,0.07091045764514821,0.36468121631710504,0.5352674146149474,0.005878547096844456
ERR1368954,fold_1,0.01812745951484911,0.05835981570889487,0.22543820555834154,0.6884814457266862,0.009593073491228338
ERR1368956,fold_1,0.018004484852086694,0.0727438445233308,0.23909051222897176,0.6517322852587071,0.0184288731369039
ERR1368961,fold_1,0.011923554752135024,0.05984432921789808,0.27916763132047306,0.6399293213133104,0.009135163396184183
ERR1368974,fold_1,0.021142569886578456,0.08419733051327462,0.3578700369608919,0.5289109923984315,0.00787907024082337
ERR1368977,fold_1,0.020824128038186552,0.054914298455502754,0.3106513323711435,0.6047910836358625,0.008819157499304503
ERR1368985,fold_1,0.018354360193531295,0.09466000430263394,0.26246166884056193,0.6088496090070449,0.015674357656228363
ERR1368988,fold_1,0.021826047793663886,0.06690506328280779,0.27983276082455155,0.6212780094938656,0.01015811860511135
ERR1368991,fold_1,0.01795012090166632,0.06337551901407627,0.25343873880479634,0.6533967588517771,0.01183886242768447
ERR1368993,fold_1,0.014386155981040552,0.05885196872573843,0.23539434993382147,0.6806928326636476,0.010674692695752473
ERR1368994,fold_1,0.02346035684069367,0.07963362648027764,0.26921975725517633,0.6191517736985146,0.008534485725338353
ERR1369000,fold_1,0.01112318102988888,0.06852742112529867,0.25436023314134704,0.6571655133675617,0.008823651335903725
ERR1369004,fold_1,0.02552794697288799,0.0700694910553071,0.4019757217308291,0.4955248881727297,0.006901952068246389
ERR1369006,fold_1,0.011005832812377605,0.056943027679583536,0.23002013669385937,0.6929020472267824,0.009128955587397226
ERR1369042,fold_1,0.023418305599127102,0.07727365627719138,0.2654479344267889,0.6213332388071736,0.012526864889719776
ERR1369044,fold_1,0.019393274055219668,0.06947990979314687,0.21449762310206905,0.6833775439758074,0.013251649073757225
ERR1369057,fold_1,0.020859144458944257,0.06686316534012415,0.274986626182847,0.6289791917989104,0.00831187221917506
ERR1369061,fold_1,0.020392644635694866,0.05653622074365754,0.22861600602904966,0.6811983216758191,0.013256806915778872
ERR1369066,fold_1,0.012056020652590115,0.06335982047851298,0.23035297273423644,0.6737026662014227,0.020528519933237815
ERR1369073,fold_1,0.011324722073380578,0.05990653291267287,0.22362692310350293,0.6930819231002529,0.012059898810191117
ERR1369077,fold_1,0.012876704446498417,0.06247027263395266,0.2195417963598454,0.6955395560714159,0.009571670488287758
ERR1369079,fold_1,0.014794187204498668,0.06236492419957134,0.27202734738271545,0.6393293560336641,0.011484185179551213
ERR1369084,fold_1,0.023516056264799787,0.07309198753290796,0.26217530503358255,0.6299756451165428,0.01124100605216779
ERR1369095,fold_1,0.027192079723358936,0.09064284083044144,0.3931722288492715,0.4787351448774349,0.010257705719492883
ERR1369141,fold_1,0.026486787992975967,0.07330917096076607,0.28932679389627775,0.6037166685806665,0.007160578569313736
ERR1369142,fold_1,0.024505899824402138,0.06458632266222601,0.31670737524833265,0.5855391087247196,0.008661293540319581
ERR1369147,fold_1,0.018855652415020435,0.05255415448655276,0.3366957455429497,0.5833556577155745,0.00853878983990308
ERR1369152,fold_1,0.019275833177461444,0.0557555190873656,0.3267266753930739,0.588384405599767,0.009857566742332246
ERR1369154,fold_1,0.011731727753943629,0.058072577387622684,0.22347445617690534,0.697801392691447,0.008919845990081457
ERR1369165,fold_1,0.015133120089138257,0.07140494996886079,0.28636334154810694,0.6169720021396747,0.010126586254219694
ERR1369180,fold_1,0.015923802428870718,0.08355677338685735,0.4282417859553004,0.4594297749806217,0.012847863248349387
ERR1369205,fold_1,0.013609250172584866,0.06574903486412392,0.23258868663853108,0.6775978945011615,0.010455133823598766
ERR1369210,fold_1,0.02351667910431464,0.09694499696297407,0.2903473232927054,0.5756112427485484,0.013579757891457335
ERR1369234,fold_1,0.013764962261905104,0.07580279176424022,0.24158585459855975,0.6550124976839299,0.013833893691364958
ERR1369271,fold_1,0.021255718459270375,0.09647406361365253,0.46629185489057773,0.40638533710889874,0.00959302592760072
ERR1369272,fold_1,0.013398425986013072,0.07308550719178775,0.4694115813818304,0.4359612279657287,0.00814325747463944
ERR1369274,fold_1,0.01284849849387918,0.0719436349876956,0.3276446071051143,0.5766526297102123,0.010910629703098428
ERR1369309,fold_1,0.015293936438780855,0.06383750009113244,0.47179836640828393,0.43921418935174894,0.009856007710053396
ERR1369315,fold_1,0.021411618864828195,0.0731756894730963,0.46490505400910836,0.4319979712452588,0.008509666407707674
ERR1369357,fold_1,0.01347996775176178,0.06613761127320865,0.3085969972722507,0.6040961641047999,0.007689259597979537
ERR1369371,fold_1,0.020355936784236625,0.07520166761294259,0.3927748843960324,0.501056469801728,0.010611041405059978
ERR1369389,fold_1,0.011949518778493535,0.06661484781173052,0.366506799814889,0.5420109074630003,0.012917926131885884
ERR1369395,fold_1,0.013293331101116131,0.05983882093663756,0.32036346930074294,0.5964917781058583,0.010012600555645233
ERR1369397,fold_1,0.027514138259482665,0.06852153689602589,0.46808514584789507,0.428270389649452,0.007608789347143196
ERR1369430,fold_1,0.013802491683367796,0.06483318622001534,0.28344118124925666,0.6266944825442865,0.011228658303074334
ERR1369441,fold_1,0.018016734765631873,0.0750122954833612,0.39553927362616065,0.49979481351272687,0.011636882612118926
ERR1369445,fold_1,0.016134219980957543,0.08167572743762642,0.34858696498963676,0.5430291790336609,0.010573908558117897
ERR1369450,fold_1,0.02319614019603694,0.08842276064552831,0.3389326279103575,0.5328182630035728,0.016630208244503845
ERR1369466,fold_1,0.012891996287661711,0.06382167846036146,0.2427945217526936,0.6700217095325592,0.01047009396672422
ERR1369493,fold_1,0.020614240966239174,0.09153013277570396,0.3204190788708341,0.5499303568234469,0.0175061905637757
ERR1369508,fold_1,0.01993801110762528,0.08190731770854365,0.45001117995927786,0.4415052587271992,0.006638232497353861
ERR1369517,fold_1,0.021164469234594124,0.09365715993811766,0.3754669538072732,0.49951992054753225,0.010191496472483078
ERR1369528,fold_1,0.012292985466930086,0.07387870587283603,0.38338896113596455,0.521708412883378,0.008730934640891204
ERR1369554,fold_1,0.014000360126891721,0.06628634741736437,0.34837186037312323,0.5623820128580991,0.008959419224521542
ERR1369578,fold_1,0.023710448427153166,0.07828890253032667,0.3651511490124644,0.5228901643202467,0.00995933570980916
ERR1369583,fold_1,0.01631937557611166,0.06536563036319558,0.4587121519754359,0.4460592817471171,0.01354356033813951
ERR1369605,fold_1,0.012343426372733009,0.06666011411793454,0.3795334376866868,0.5341977623168189,0.007265259505826793
ERR1369609,fold_1,0.013295797671782069,0.062492950916809134,0.240157688698994,0.6748094749297257,0.009244087782689293
ERR1369610,fold_1,0.012185709664528505,0.0630680129095763,0.348176619482379,0.5658680630729838,0.01070159487053213
ERR1369611,fold_1,0.013295825854273151,0.06462844232144134,0.23464697065045753,0.6772779328642217,0.010150828309606867
ERR1369644,fold_1,0.013584418316571704,0.10392066186891996,0.3858425366404669,0.4860625882930167,0.010589794881024262
ERR1369654,fold_1,0.012083542746930704,0.07120625723784231,0.3211017824363044,0.5873141705109105,0.008294247068011884
ERR1369660,fold_1,0.014340326848182249,0.07471566711597977,0.35641318574972153,0.5458238225327942,0.008706997753322145
ERR1369669,fold_1,0.016216826042409274,0.06774523863740894,0.3557112432871835,0.5500314260178715,0.01029526601512686
ERR1369699,fold_1,0.013872873836116274,0.06592219711388644,0.23394521765675935,0.6747723620331878,0.011487349360050523
ERR1369702,fold_1,0.012492630393184191,0.08586566454804133,0.28114693784450573,0.6034278122594274,0.017066954954840848
ERR1369737,fold_1,0.02527527646268834,0.07856600277046237,0.35308226217743616,0.5288330108827317,0.014243447706680743
ERR1369743,fold_1,0.010997767482283604,0.06814283210685115,0.3178807068605755,0.58864915428971,0.014329539260579668
ERR1369757,fold_1,0.014877377962184734,0.06439970852984632,0.27586528793725296,0.6346226899963304,0.010234935574386051
ERR1369764,fold_1,0.01828875865079874,0.06116445058784637,0.2395624078291038,0.6709384641591818,0.010045918773069852
ERR1369766,fold_1,0.03151250600766299,0.11664468407719147,0.43532240065147315,0.40684152373975746,0.00967888552391446
ERR1369806,fold_1,0.013590519536947185,0.06254982932780682,0.2942717730328799,0.6149054229625952,0.014682455139771148
ERR1369818,fold_1,0.013925337608733903,0.0612237230362404,0.3255053352286396,0.5884512983074498,0.010894305818936063
ERR1369819,fold_1,0.02128979066715815,0.06692864063381655,0.5288933093584577,0.3743075772628586,0.00858068207770817
ERR1369824,fold_1,0.01806104548069796,0.07770632778396247,0.4956029322133441,0.4006328278972219,0.007996866624773422
ERR1369826,fold_1,0.015348957757591883,0.0655381818609014,0.47839830794985394,0.43350636067590187,0.00720819175575045
ERR1369860,fold_1,0.02098346456311726,0.08039976646147183,0.2686815548776139,0.61854425499171,0.011390959106087579
ERR1369880,fold_1,0.01454320989181092,0.08114849127867473,0.3941616837648865,0.5018557694583113,0.008290845606316568
ERR1369885,fold_1,0.02001759840081947,0.09940324821487857,0.5258739397002076,0.34907013741742204,0.005635076266671548
ERR1369917,fold_1,0.011569696675446021,0.07740247792249062,0.36712904445921707,0.5298303160578253,0.014068464885020665
ERR1369919,fold_1,0.021135632368762362,0.0816209244710148,0.4494928753975305,0.4389128972859859,0.008837670476705672
ERR1369959,fold_1,0.014876604876112733,0.06270998679893641,0.36030440853239754,0.5532770806059941,0.008831919186559449
ERR1369967,fold_1,0.02010907407213887,0.0693496848427553,0.45430252483222633,0.4492839802980642,0.0069547359548155115
ERR1369976,fold_1,0.029303377172432483,0.08084878075478684,0.47606171508915174,0.4035566665607105,0.010229460422918089
ERR1369999,fold_1,0.013405595665484918,0.06673157827678876,0.3077966512758747,0.6006205031508075,0.011445671631044306
ERR1370006,fold_1,0.014182947793068917,0.08494814152385881,0.36330071080668924,0.5289314866262725,0.008636713250110454
ERR1370008,fold_1,0.011248620765589907,0.06394627297586926,0.3614051320732835,0.5564312476781644,0.006968726507092572
ERR1370026,fold_1,0.011400153979125957,0.057139515457247735,0.2547888826096007,0.6658633601710059,0.010808087783020172
ERR1370048,fold_1,0.013906376679813896,0.07756694042916978,0.41121093263405567,0.4892257801112827,0.008089970145678388
ERR1370056,fold_1,0.012430988753394151,0.057224486012354414,0.34198564693473904,0.5795386600261182,0.008820218273393968
ERR1370078,fold_1,0.010951964431830611,0.07384826341097081,0.29798192467569556,0.6060594004368726,0.011158447044630582
ERR1370082,fold_1,0.030638774994608008,0.08330472409938065,0.29462640223261555,0.5709813030864105,0.020448795586985466
ERR1370094,fold_1,0.019497805726967115,0.08459753913438298,0.37909958217658457,0.505642770801133,0.01116230216093273
ERR1370106,fold_1,0.018560043858215868,0.08747222816261399,0.36801534855620094,0.5178454666305025,0.008106912792466463
ERR1370116,fold_1,0.02454596938591547,0.07375027421123517,0.4862971180428491,0.40624919707357715,0.00915744128642266
ERR1370118,fold_1,0.014787243380256122,0.0797273380186255,0.30709832540479154,0.5864044195982415,0.01198267359808534
ERR1370148,fold_1,0.017811348382583435,0.08846461333232679,0.445557877267232,0.4405651148508309,0.007601046167026429
ERR1370152,fold_1,0.01618418385089058,0.08338636499525798,0.3436690654410222,0.5475182152983326,0.009242170414496412
ERR1370194,fold_1,0.0188427063725428,0.08663230345495215,0.4190735886473704,0.4654123684190783,0.010039033106055908
ERR1370226,fold_1,0.03648777013816035,0.09591640635252559,0.42012566651605243,0.4371371378000441,0.0103330191932174
ERR1370258,fold_1,0.025972164222057528,0.06941231697869721,0.3912715069104173,0.5060228274921748,0.007321184396653658
ERR1370262,fold_1,0.012993738319949733,0.0672745933533176,0.22965623942354288,0.6797388361479083,0.010336592755281643
ERR1370292,fold_1,0.013531988178519068,0.07045431336032147,0.29817590808262584,0.607639552060663,0.010198238317870043
ERR1370309,fold_1,0.01449821763148459,0.06893264078101834,0.22482729473160132,0.6797764256738613,0.011965421182034516
ERR1370319,fold_1,0.015616679577441872,0.07510822845578019,0.32503830805294215,0.574395041598073,0.009841742315763341
ERR1370324,fold_1,0.03007180326300085,0.06747153217345078,0.2507574505995184,0.6375651383974227,0.014134075566608164
ERR1370343,fold_1,0.013932692079979757,0.06519119408722789,0.23328312578960164,0.6769714688728224,0.010621519170368462
ERR1370356,fold_1,0.020993143726977748,0.08186538064560012,0.35153242113257965,0.53113302306072,0.014476031434122384
ERR1370359,fold_1,0.026805403314330557,0.08915602780117964,0.31814170318374635,0.5573712256145972,0.008525640086146246
ERR1370387,fold_1,0.014573998027270373,0.061125933363028656,0.22974214230798012,0.6847208660039471,0.009837060297774034
ERR1370397,fold_1,0.03577417851867163,0.10374672103088553,0.27828121259708316,0.5727163224943775,0.009481565358981935
ERR1370415,fold_1,0.020569845009161584,0.09133877114590079,0.34599719809337326,0.5289017668507717,0.013192418900791779
ERR1370421,fold_1,0.024135978498757708,0.07304017282993157,0.24643348294237014,0.6393029928719561,0.01708737285698477
ERR1370431,fold_1,0.01769528243119061,0.0862799766180437,0.24367677434792784,0.6369668062762737,0.015381160326564742
ERR1370436,fold_1,0.025741610614510753,0.0681560570313233,0.24953522552180613,0.6420519919899121,0.014515114842447713
ERR1370441,fold_1,0.030021181610229812,0.09605395365696981,0.5165923152245635,0.35068980668676325,0.006642742821473264
ERR1370450,fold_1,0.026436909867673632,0.08857525962329327,0.3093977194810363,0.5668359649289694,0.008754146099026515
ERR1370454,fold_1,0.013360363035744529,0.07165659814282285,0.2520911715879097,0.6543113992090235,0.008580468024500026
ERR1370458,fold_1,0.033673824265543814,0.06343924921101152,0.2660437084382796,0.6262864133963414,0.010556804688824199
ERR1370466,fold_1,0.023383324944578166,0.0987646430623269,0.28693774726079163,0.5817476108974704,0.009166673834833867
ERR1370469,fold_1,0.013912002929492578,0.060901284535962885,0.27169376982002785,0.6429807602338535,0.010512182480663702
ERR1370470,fold_1,0.028943677044071126,0.06777671125962044,0.2674426318321257,0.6239620263667875,0.011874953497395908
ERR1370496,fold_1,0.0156366716674654,0.06715074499215044,0.23104314025552644,0.6755343794021128,0.01063506368274516
ERR1370503,fold_1,0.019599549908085823,0.06664109857698733,0.22763355361239523,0.6754330933123179,0.010692704590214262
ERR1370517,fold_1,0.018322973630991765,0.0757102646595654,0.26232216135456976,0.6331454981393263,0.010499102215547151
ERR1370519,fold_1,0.011987280751211736,0.06468812627482584,0.2304136614476645,0.6794757790356543,0.013435152490643715
ERR2172357,fold_1,0.020915291824498822,0.09149803152406465,0.3657876054756198,0.5121918126679056,0.009607258507910877
ERR2172377,fold_1,0.01372693190560484,0.06026678882402773,0.5308105179458873,0.3888973234736682,0.00629843785081173
ERR2172415,fold_1,0.02104743789554089,0.05356334055038817,0.4083583868936042,0.5099380831659382,0.0070927514945282885
ERR2172416,fold_1,0.012236699129263284,0.0543678387607183,0.3915341039545052,0.5340941420625931,0.007767216092920008
ERR2172421,fold_1,0.015027587031012358,0.055807094222622824,0.4240911026686261,0.4984387657159217,0.00663545036181686
ERR2172454,fold_1,0.012214290435845616,0.06416282688425377,0.40171264053133443,0.5163991874361921,0.0055110547123738765
ERR2172458,fold_1,0.012752755982735568,0.04979095972215274,0.3851390925015481,0.5449933821346625,0.007323809658901294
ERR2172462,fold_1,0.01020940166886966,0.05984991135985642,0.3515473871620784,0.570912297859076,0.007481001950119694
ERR2172502,fold_1,0.010909153898746318,0.07324459585414914,0.5438812016529477,0.36418875043690035,0.007776298157255931
ERR2172503,fold_1,0.014754792751217464,0.06632500564208954,0.5471666421492927,0.3656591990935747,0.006094360363824992
ERR2172504,fold_1,0.015241052420222096,0.08033212723197165,0.5389083990298358,0.36001382799962683,0.005504593318343489
ERR2172515,fold_1,0.015909901030097727,0.07223962377546436,0.5653603410451569,0.34187384811089044,0.0046162860383900635
ERR2172519,fold_1,0.010260661958196013,0.06692705870610585,0.5597020780569354,0.35812284748275114,0.004987353796010923
ERR2172520,fold_1,0.012631044161928702,0.06571608074257297,0.5453379183321166,0.3707031507051955,0.005611806058186014
ERR2172525,fold_1,0.012961044492517981,0.06813377010271957,0.5652065756150648,0.3486607383681506,0.005037871421546329
ERR2172549,fold_1,0.014424882038465547,0.06767889038274612,0.5493704955183292,0.36283603641500556,0.00568969564545327
ERR2172553,fold_1,0.013608849583846607,0.07718578340939196,0.5385797414356754,0.36486441447056495,0.005761211100520845
ERR2172569,fold_1,0.016602429695449596,0.057707926041626785,0.3324012187008638,0.5857609551348468,0.007527470427213022
ERR2172572,fold_1,0.016600534314309853,0.06653798126194391,0.356039048533527,0.5504067061288531,0.010415729761366026
ERR2172573,fold_1,0.016906991233501707,0.056999294036563314,0.31912347027465215,0.5990035927760409,0.007966651679242383
ERR2172574,fold_1,0.011299681420139028,0.06963466032703498,0.34221892700734385,0.5691396061750734,0.007707125070408854
ERR2172577,fold_1,0.013759191374730764,0.05296497692441875,0.3367616163481987,0.589319439165352,0.007194776187299793
ERR2172593,fold_1,0.014012821792236476,0.05327598501620806,0.3185664251885229,0.6062671169824024,0.007877651020630358
ERR2172595,fold_1,0.012864770682863689,0.053795661363662824,0.31094952154701105,0.6147350909492914,0.007654955457171575
ERR2172608,fold_1,0.012630243607305823,0.056286707648925134,0.31882648409070113,0.6043523891923486,0.00790417546071949
ERR2172615,fold_1,0.013112768272304964,0.052809877659527056,0.32941192298735705,0.5964758230586923,0.008189608022118783
ERR2172616,fold_1,0.012019117634585193,0.051010062476907383,0.31493380108549934,0.614545197874083,0.0074918209289254675
ERR2172728,fold_1,0.01705221359617204,0.07042446304305691,0.4954601163249715,0.41011250837933677,0.006950698656462724
ERR2172742,fold_1,0.014945954842065132,0.0816018053986485,0.48092410646673345,0.41655787407706774,0.005970259215485315
ERR2172785,fold_1,0.010554504572467968,0.05821968115594575,0.25760336044721016,0.6653354488602317,0.008287004964145018
ERR2172790,fold_1,0.014193927251974022,0.058991705280253555,0.2538020938847441,0.6637992841448769,0.009212989438151896
ERR2172799,fold_1,0.011216731159301488,0.058549485153755604,0.2611726045834291,0.6606589941600305,0.008402184943483701
ERR2172870,fold_1,0.013750653957944647,0.06888511100084382,0.24383735252852035,0.6623832991232691,0.011143583389422456
ERR2172949,fold_1,0.01398260937093852,0.0688723578003479,0.2301433862098916,0.675519148835822,0.011482497783000355
ERR2172956,fold_1,0.014180376138541796,0.06579931238291968,0.228793495817781,0.6801057612334365,0.01112105442732121
ERR2173000,fold_1,0.018619763331921016,0.08362321855094584,0.3571775216103628,0.5321094296884906,0.008470066818279672
ERR2173004,fold_1,0.014391235955056718,0.06722362871698816,0.2320120524058676,0.6752099617569118,0.0111631211651759
ERR2173032,fold_1,0.014517271164802954,0.06556703365402329,0.3079771248356378,0.6016437641495037,0.01029480619603223
ERR2173067,fold_1,0.01393522656076818,0.059848476540987045,0.22173353622128997,0.6951883037689283,0.009294456908026504
ERR2173075,fold_1,0.011045545960827616,0.05823165120120855,0.22328833835719217,0.6979550106669196,0.0094794538138524
ERR2173078,fold_1,0.012275850528991647,0.05910562275415907,0.21933981983228304,0.6999854269080948,0.009293279976471325
ERR2173084,fold_1,0.01216642450549439,0.06541884745970786,0.22759039693286998,0.6841122469347042,0.010712084167223529
ERR2173094,fold_1,0.016673837728358936,0.08305836231921132,0.29751470866641444,0.5926057330360982,0.010147358249917061
ERR2173113,fold_1,0.016976680340501142,0.0714261249361014,0.23439357423249566,0.6655460523358268,0.011657568155075149
ERR2173172,fold_1,0.01832731971396879,0.06882280943768347,0.2603156357953229,0.6435074869869178,0.009026748066107232
ERR2173173,fold_1,0.01746770080213838,0.07097230352356983,0.25657369851073064,0.6426019381079107,0.012384359055650999
ERR2173175,fold_1,0.014245431102348828,0.06731287390058406,0.260461771016547,0.6502182518415182,0.0077616721390021785
ERR2173180,fold_1,0.011109879200150394,0.062405934140450973,0.3031529276372399,0.6145351445723628,0.008796114449796218
ERR2173195,fold_1,0.013766427690279394,0.06487203938920132,0.23471091093684168,0.6735247723770267,0.013125849606651025
ERR2173200,fold_1,0.011358866983070709,0.05951448115545723,0.23472722848754846,0.6847920867155107,0.009607336658413247
ERR2173201,fold_1,0.012685325022579397,0.06121773304305776,0.23626623184685885,0.6799654063862408,0.009865303701263322
ERR2173203,fold_1,0.014060535357510182,0.06916657618854813,0.23693971206119596,0.6682944805794252,0.011538695813320636
ERR2173210,fold_1,0.012213130239782809,0.05962636131549389,0.23630041543364932,0.6801586005873088,0.011701492423765577
ERR475470,fold_1,0.0972468391887316,0.5353133842602528,0.27286810949655516,0.07463020635145147,0.01994146070300932
ERR475478,fold_1,0.13857367665058096,0.3645698534276687,0.42867624747042005,0.04506102645238289,0.023119195998946802
ERR475486,fold_1,0.10592022075838355,0.2567876951931203,0.3197478836012865,0.21524142762390128,0.1023027728233082
ERR475495,fold_1,0.12501431494464818,0.32863507692404875,0.41519898138624217,0.08178653184908688,0.04936509489597389
ERR475501,fold_1,0.11174058227721892,0.5442252735751597,0.20283288802846847,0.10090174766884533,0.04029950845030704
ERR475508,fold_1,0.1383152163039074,0.42514387367206324,0.3725947533935125,0.030359420995197284,0.03358673563531919
ERR475525,fold_1,0.1468790731652793,0.32597464375339996,0.44498652263155153,0.0514725333582638,0.030687227091505696
ERR475526,fold_1,0.13054405025862825,0.4672856965903136,0.3360282230676767,0.04487242384241487,0.021269606240966476
ERR475532,fold_1,0.09568390982204228,0.5859712634472031,0.23596498254890935,0.05173662723080728,0.030643216951038187
ERR475574,fold_1,0.15300069098874472,0.41131016038074675,0.34166016046958864,0.06168158276076264,0.03234740540015728
ERR475580,fold_1,0.120613678831715,0.41503788419217513,0.35755283692153683,0.05568781593391013,0.05110778412066301
ERR5009496,fold_1,0.016117305730534912,0.07228469888149772,0.2626581474798227,0.6400605595541916,0.008879288353953626
ERR5009498,fold_1,0.014786505224942058,0.06825769891612395,0.25969415033019244,0.6469889418678195,0.010272703660922613
ERR5009594,fold_1,0.024107162488737836,0.07589633026437664,0.25546379184223517,0.6354284978610405,0.009104217543610469
ERR5009623,fold_1,0.010764821292239548,0.05986721931173183,0.24251814416693715,0.6781018323976006,0.008747982831491237
ERR5009631,fold_1,0.01915445762953543,0.0645224370213906,0.2531185734837848,0.6526559515948879,0.010548580270401777
ERR5009642,fold_1,0.016764623980602862,0.060302071420394045,0.2574284442360338,0.6522858430127073,0.013219017350262484
ERR5009643,fold_1,0.014623556226144318,0.059632298883895075,0.26336304752911616,0.6524617560907523,0.009919341270092613
ERR5009647,fold_1,0.031432687308397884,0.05936445864718195,0.2503993561034567,0.645188365760495,0.013615132180468444
ERR5009674,fold_1,0.012771999425418842,0.055818102557503,0.22211631142242227,0.699681490044371,0.009612096550285311
ERR5009685,fold_1,0.024286756317444255,0.09117310780486663,0.36537331909118315,0.5116636901496672,0.0075031266368381045
ERR5009701,fold_1,0.014325117994944566,0.06056279185466603,0.22962591945547184,0.6858385800028304,0.009647590692087246
ERR5009723,fold_1,0.01399269355860095,0.06767182183140852,0.25821475973826546,0.649747993183809,0.010372731687916558
ERR5009725,fold_1,0.021546955811398955,0.08077058459763055,0.26572027831778317,0.620638817321203,0.011323363951984793
ERR674152,fold_1,0.09930531353383326,0.46085334400846234,0.26814198466212097,0.14424167895545592,0.02745767884012726
ERR674156,fold_1,0.05783304788219189,0.368455099529938,0.2771825640838537,0.2616889599407536,0.034840328563263405
ERR674169,fold_1,0.113587120297947,0.5512513663606617,0.2057067561835986,0.09789424291055467,0.031560514247237985
SRR10305382,fold_1,0.052719998570139606,0.293442395021991,0.2500886011829937,0.07004479957909605,0.3337042056457797
SRR10305388,fold_1,0.046919135608539234,0.2594971572081166,0.19592734911795687,0.08051392861041379,0.41714242945497326
SRR10305395,fold_1,0.08831655043948716,0.1993879966919979,0.2906072010383695,0.14264146523395949,0.27904678659618576
SRR10305397,fold_1,0.05377843353315205,0.16873725131920397,0.24301447819876343,0.09277906648485608,0.44169077046402433
SRR10305400,fold_1,0.04615750615975135,0.18083622103630378,0.23746096808010164,0.0757745081319411,0.4597707965919021
SRR10305412,fold_1,0.07583124258336774,0.23897198213345186,0.2774726475322837,0.11441091364869764,0.29331321410219935
SRR10305414,fold_1,0.044674648202559404,0.1396620051161259,0.22156411037669857,0.06112941519143038,0.5329698211131857
SRR10305420,fold_1,0.06420054434400575,0.28124680731428414,0.30366564123323825,0.2176907512137555,0.1331962558947168
SRR10442273,fold_1,0.20279592862852477,0.2893434785388267,0.28512915322020266,0.1774014788167515,0.045329960795694756
SRR10442274,fold_1,0.553709271530477,0.1533387143029477,0.19267013180866652,0.07424282111379249,0.026039061244117086
SRR10442291,fold_1,0.605534949682059,0.13294449116984505,0.1770033115688357,0.07113161348981659,0.013385634089443883
SRR10442314,fold_1,0.6546301880208033,0.10957362177318669,0.1527792738747869,0.06790695132557134,0.015109965005652103
SRR10442320,fold_1,0.753876145574813,0.1002158570846014,0.1179110118593711,0.02340823435183914,0.004588751129375808
SRR10442323,fold_1,0.6757151536587745,0.1313974013527052,0.13870089031363722,0.0408065789332566,0.013379975741626342
SRR10442326,fold_1,0.752875531010823,0.08503018598872307,0.1201362717920268,0.03589267148826664,0.006065339720160189
SRR10442332,fold_1,0.7014681472454469,0.12147163479629566,0.13923616301022324,0.03050296664577816,0.007321088302256008
SRR10442333,fold_1,0.7284210399014208,0.12835699565723357,0.11146358832870876,0.02546461319815804,0.006293762914478858
SRR10442342,fold_1,0.5971677534327515,0.16441036920741942,0.15725511246887555,0.06776530076523181,0.013401464125721388
SRR10442345,fold_1,0.6923986908153607,0.14422335668522893,0.12726936564378483,0.027420815295860823,0.00868777155976487
SRR10442348,fold_1,0.7083484292240674,0.13841061051231418,0.12006272625282999,0.02832997072200073,0.004848263288787929
SRR10442355,fold_1,0.5746667982440579,0.16073366339558912,0.17901724619164855,0.07221525904632306,0.01336703312238192
SRR10442391,fold_1,0.36751318178287695,0.2982700094842855,0.23368401961367954,0.08339883722251393,0.017133951896645138
SRR10442394,fold_1,0.6685344283777889,0.1110599630350172,0.15472740862534967,0.048606110811411064,0.017072089150432845
SRR1999117,fold_1,0.5468565663235183,0.10409308806895803,0.16962784582833218,0.123515854273242,0.05590664550594844
SRR1999119,fold_1,0.5600495945372801,0.09132587704557775,0.1808453626567578,0.1167627487064886,0.05101641705389581
SRR1999121,fold_1,0.5631712990099309,0.08070793921269538,0.18824791323929663,0.11710147692396666,0.05077137161411008
SRR1999123,fold_1,0.35812252063971495,0.14564760204255306,0.21995285814471624,0.20421214879105265,0.07206487038196403
SRR1999124,fold_1,0.37245249683872467,0.13401252249234835,0.23036993809470407,0.20078297683478152,0.0623820657394418
SRR1999125,fold_1,0.5480258014656618,0.08703969801748743,0.1761198541138521,0.12335377614279296,0.06546087026020514
SRR1999139,fold_1,0.4549650476029976,0.11949891308785536,0.22748455107347942,0.15117721139696333,0.04687427683870469
SRR1999141,fold_1,0.5235015402764878,0.13332101186254694,0.19135896348211154,0.12448549404935191,0.027332990329502083
SRR1999142,fold_1,0.675992629077464,0.09471781430483178,0.14306236431969155,0.06071942959885707,0.025507762699155265
SRR1999149,fold_1,0.5250865276435243,0.07955105460219826,0.18964470597751865,0.1457139261133692,0.06000378566338946
SRR1999158,fold_1,0.739394120567956,0.05945720754203596,0.12487814245050943,0.040447689840507006,0.035822839598991726
SRR1999159,fold_1,0.6675998689207442,0.07159956195712884,0.15144064706382954,0.05237619799820466,0.05698372406009239
SRR1999162,fold_1,0.6001896228141085,0.08912509668391322,0.1662037788157285,0.09046433564033926,0.05401716604590987
SRR1999164,fold_1,0.6111047824853255,0.07731625214150166,0.14903743207362155,0.11418393484471158,0.04835759845483968
SRR1999171,fold_1,0.4245485601892632,0.1435229100143442,0.21157886158475503,0.17047614392738944,0.04987352428424856
SRR1999174,fold_1,0.6694124779056722,0.08493145042666311,0.1308011820201722,0.06416361699305569,0.05069127265443698
SRR1999175,fold_1,0.6780662767219627,0.06672739194543681,0.14661498243966073,0.0715734564266071,0.03701789246633308
SRR1999176,fold_1,0.761505209175459,0.05844295728410898,0.11617941951797861,0.03842810699746004,0.025444307024993604
SRR1999188,fold_1,0.6159180603419077,0.08172898469575972,0.17813515199540617,0.08371672168997704,0.04050108127694897
SRR1999189,fold_1,0.5681502783777088,0.1062358654525233,0.1801283647874663,0.10252152545247763,0.04296396592982366
SRR1999201,fold_1,0.5799555377704988,0.11545061797706445,0.17218056592461586,0.09898823117329648,0.03342504715452374
SRR1999214,fold_1,0.6049991833263344,0.08797145697548822,0.17112338633534083,0.08465750119804921,0.05124847216478681
SRR1999215,fold_1,0.6309915802592525,0.09858843713939999,0.15464846310710134,0.08227791768049642,0.03349360181374979
SRR1999218,fold_1,0.6143156258077329,0.09254632693711223,0.16496555987500877,0.07816427289843288,0.05000821448171234
SRR2143524,fold_1,0.11530830954872444,0.26690426890095204,0.36405662533323624,0.23640156538661242,0.017329230830474985
SRR2143559,fold_1,0.08151148897908556,0.5780433332953152,0.25171526912474246,0.07431519718030552,0.014414711420551228
SRR2143577,fold_1,0.0948435879007265,0.4321525882938976,0.32068074873711366,0.13547539099578956,0.01684768407247245
SRR2143590,fold_1,0.09818016357760781,0.35514193009678685,0.3084664389617373,0.2169048532337973,0.021306614130070133
SRR2143734,fold_1,0.12118672079230614,0.4024722515311214,0.2942390847218766,0.1632390811806065,0.018862861774089017
SRR2143758,fold_1,0.07699694105231616,0.3675168789354636,0.30633466342368815,0.22195305954412473,0.027198457044407084
SRR2143767,fold_1,0.06793284252753734,0.18950054262753352,0.291458266133082,0.42843916879245914,0.02266917991938803
SRR2143792,fold_1,0.10044767790699209,0.5172050985103402,0.24134997196419455,0.12185763301967617,0.019139618598797016
SRR2143835,fold_1,0.07436195179704465,0.25500443690400154,0.29255723171826015,0.3539479230088689,0.024128456571824913
SRR2143838,fold_1,0.08552063831668483,0.2749876127252015,0.309178831358151,0.29632763416979946,0.03398528343016294
SRR2143846,fold_1,0.1616690815735024,0.33300985212118267,0.31954293840797693,0.16505719280393766,0.020720935093400075
SRR2143893,fold_1,0.13978892090156364,0.32788924026069155,0.31830745463246524,0.18554010937356824,0.028474274831711305
SRR2143950,fold_1,0.07072044608770277,0.6015780929470359,0.20900326231005148,0.10729483165252908,0.011403367002680347
SRR2143960,fold_1,0.09005915989073521,0.3451628422403261,0.34696612395300636,0.19334828028835224,0.02446359362758039
SRR2143987,fold_1,0.0974658918315954,0.4102773430651374,0.272259189035659,0.20490011426794616,0.015097461799662351
SRR2144002,fold_1,0.06178110440440954,0.2981601069644791,0.3577493150462178,0.25469308562351844,0.027616387961375048
SRR2144004,fold_1,0.05320385301706606,0.5114044378155067,0.2583282369819683,0.1592000328148094,0.01786343937064926
SRR2144006,fold_1,0.0801229230986584,0.3697327334300709,0.2759212965667618,0.25737373902039923,0.01684930788410994
SRR2144027,fold_1,0.07450908999491179,0.4205521804373074,0.2874216676559481,0.19886869225782747,0.018648369654005216
SRR2144035,fold_1,0.09312428095678404,0.41246432901187813,0.2605346606445418,0.21245247948854826,0.02142424989824753
SRR2144117,fold_1,0.08370791790225668,0.4105970552544914,0.3234609116767341,0.16273567934342376,0.019498435823094008
SRR2144119,fold_1,0.10421985500820079,0.31328464602548756,0.3131716429508561,0.23971222756972332,0.029611628445732365
SRR2144126,fold_1,0.09632736896411001,0.2991739977571729,0.36356639459550943,0.21208757547575616,0.028844663207451614
SRR22682273,fold_1,0.08566731988282773,0.34581472813857544,0.26452621919366137,0.13416818187703516,0.1698235509078998
SRR22682330,fold_1,0.07175763302656951,0.14907746494697746,0.2804807627435005,0.10017246493361322,0.3985116743493394
SRR22682336,fold_1,0.051376686346461316,0.2071882438967652,0.21715640750980214,0.06197451078551653,0.4623041514614549
SRR22682351,fold_1,0.03964794365139813,0.2281943552447319,0.2011403166483988,0.04036982188057134,0.4906475625749
SRR22682499,fold_1,0.019334881063652255,0.07918190501499625,0.2349653845099779,0.6512298207136846,0.015288008697689053
SRR22682539,fold_1,0.022204130293101296,0.11710251806036903,0.25968057294959884,0.5596495317207022,0.04136324697622791
SRR22682558,fold_1,0.02038157361888839,0.11641087025543027,0.25858319808801444,0.5602409414228731,0.044383416614793066
SRR22682603,fold_1,0.0357436453934515,0.1674289514672607,0.23840772510767985,0.08465374699724311,0.473765931034365
SRR2761070,fold_1,0.02662449130466413,0.07163001941175506,0.2388045482657723,0.6471547467077853,0.015786194310023437
SRR2761072,fold_1,0.02662449130466413,0.07163001941175506,0.2388045482657723,0.6471547467077853,0.015786194310023437
SRR2761092,fold_1,0.017845566992464954,0.07466542632270359,0.2346733380377837,0.6609627724100364,0.011852896237011338
SRR2761198,fold_1,0.02056817852703092,0.07725873174681243,0.23795508306863014,0.650411110979383,0.013806895678143485
SRR2761296,fold_1,0.03182730789301056,0.07394761467493831,0.24392744054934024,0.6332900176610514,0.017007619221659675
SRR30050026,fold_1,0.06566452278359633,0.20526338176933903,0.24245872709951538,0.44677699623912576,0.039836372108423265
SRR30050058,fold_1,0.04559237861180076,0.1856487291640816,0.27371985972983337,0.4770321789497665,0.018006853544517205
SRR30050068,fold_1,0.039013681495354724,0.1417401824664549,0.2523978793331549,0.5358298836728662,0.031018373032169214
SRR30050131,fold_1,0.12209400245285255,0.22253687902111138,0.28446156459688704,0.30790975447662094,0.06299779945252791
SRR3206643,fold_1,0.12188754161071266,0.1916372576726846,0.29129479288358057,0.34832784600414013,0.04685256182888185
SRR3206658,fold_1,0.1284857734299668,0.35352473446234267,0.2982929455318008,0.20281274664259202,0.01688379993329733
SRR3206669,fold_1,0.12176541476687962,0.29522941064107094,0.27279493216174006,0.2902254337542753,0.01998480867603369
SRR3206682,fold_1,0.1475561155619519,0.36478100270620184,0.34991555950147557,0.11568910338528064,0.022058218845089805
SRR3361466,fold_1,0.07340638649596984,0.4097082628254297,0.31795263393483053,0.16770168342889258,0.03123103331487703
SRR3361506,fold_1,0.11520608352442015,0.3795547203577793,0.32075039475855577,0.12493968896660042,0.05954911239264443
SRR3361562,fold_1,0.04881585302542073,0.3036790067369454,0.28955453023218486,0.31797306094483413,0.03997754906061501
SRR3361586,fold_1,0.04087001215708265,0.2895111927241425,0.2939359747799658,0.3079997080676305,0.06768311227117885
SRR3361601,fold_1,0.1093632447189299,0.41180072656761085,0.307958135427619,0.12995348924218128,0.040924404043659365
SRR3361608,fold_1,0.04909367023781338,0.479866432391041,0.26605810738007807,0.18174908934786846,0.023232700643199003
SRR3361609,fold_1,0.04893793108186686,0.35615341165301406,0.33752070038889365,0.19866065086554413,0.058727306010681345
SRR3362060,fold_1,0.05137478922819766,0.3159180491112578,0.3088593314070795,0.2791321752716388,0.044715654981825816
SRR3362073,fold_1,0.07672130390106056,0.41784805443781914,0.2735014537679144,0.20538411994861014,0.026545067944595657
SRR3362116,fold_1,0.08768740849765937,0.4060714362113502,0.28309420695326815,0.18989347926354502,0.03325346907417732
SRR3362120,fold_1,0.045924192956824705,0.30934108685651823,0.29686312616392024,0.29782787861135157,0.05004371541138539
SRR3362125,fold_1,0.0822940472656057,0.42232085021680466,0.3523465703230972,0.1030677474792696,0.039970784715223195
SRR3362128,fold_1,0.0833094257451197,0.3359667214302359,0.3229254727209978,0.2153787743988474,0.04241960570479845
SRR3362155,fold_1,0.09459038809683298,0.4810569524336476,0.29120010370566773,0.11053988195734028,0.022612673806511437
SRR3362189,fold_1,0.06243243791374643,0.4308811852618545,0.28931605483778416,0.16636840297464367,0.05100191901197092
SRR3362221,fold_1,0.0733822618943598,0.3191159606997486,0.3057607703860422,0.2649486332004067,0.03679237381944242
SRR3667008,fold_1,0.03452151564432372,0.33134542756465707,0.2217996049798124,0.07916299332764411,0.3331704584835627
SRR3667011,fold_1,0.03808636680912027,0.5141479403826708,0.18733923776930086,0.07001011145889845,0.1904163435800095
SRR3667032,fold_1,0.03845822302957669,0.5199499331485126,0.1384213649156097,0.041545403884362765,0.2616250750219381
SRR5762493,fold_1,0.04285743853610354,0.18802746569786227,0.3019373652958559,0.44302237016848506,0.02415536030169319
SRR5762504,fold_1,0.05980432408064351,0.25567712121067376,0.3220931275334314,0.3410643110241261,0.02136111615112534
SRR5762507,fold_1,0.12248031183073027,0.32998413714503044,0.31443905631916996,0.20993664503276607,0.02315984967230355
SRR5762510,fold_1,0.0584671308967586,0.33442938872514705,0.33992950358004076,0.24782637211764363,0.019347604680409754
SRR5762517,fold_1,0.06510634913632271,0.33092534505863236,0.32042730193733565,0.2591464225585752,0.02439458130913436
SRR5762526,fold_1,0.06954213723537023,0.3291586945942328,0.2886699866367959,0.28738828009049694,0.025240901443104546
SRR5762533,fold_1,0.06471982856046397,0.24384695870385026,0.31099298694928945,0.34989554256421057,0.030544683222185374
SRR5762537,fold_1,0.0983260762730851,0.34465476528337724,0.33113713242996456,0.20560261260266835,0.020279413410905094
SRR5762549,fold_1,0.05697680340498725,0.28634710017543075,0.3457717686814647,0.2716105056629093,0.03929382207520801
SRR5762553,fold_1,0.14120510714545575,0.25974317011092446,0.2821197142892469,0.2875046322799179,0.029427376174454647
SRR6299729,fold_1,0.027449177073833743,0.13104288403978867,0.24315074771593193,0.5811793231550538,0.01717786801539182
SRR6299733,fold_1,0.033746845015747554,0.13799880631240147,0.27716244700525433,0.5149711244856623,0.036120777180934184
SRR6299734,fold_1,0.047739906677042206,0.16017672235428695,0.2643706561055433,0.5086673679772418,0.019045346885885505
SRR6299740,fold_1,0.0569072147970859,0.19370382079762172,0.28648326295815707,0.43809423037655165,0.024811471070583468
SRR6299752,fold_1,0.11595541749644386,0.2512955018019594,0.2613969028029312,0.34292247704843576,0.028429700850230187
SRR6299760,fold_1,0.04360372289857639,0.15766620573826015,0.2730077887225689,0.48415999246263786,0.04156229017795703
SRR6299768,fold_1,0.03438539268502732,0.11864281287031739,0.24392808727989904,0.5844701881485787,0.018573519016177677
SRR6299775,fold_1,0.05587760035567492,0.17896321418342942,0.2792470500028114,0.4594390657690344,0.026473069689049483
SRR6299786,fold_1,0.1436544440936335,0.3026835114280499,0.2609881642879132,0.26483484623959785,0.02783903395080535
SRR6299807,fold_1,0.056369879383584384,0.19304428100225418,0.25675156797264315,0.45824435950962994,0.03558991213188817
SRR6299832,fold_1,0.04323228929465165,0.31539838377541213,0.3086085815890975,0.3084716841506324,0.02428906119020608
SRR6299853,fold_1,0.05447753927973518,0.25187084036415597,0.3033100392248364,0.37295871473327963,0.017382866397992566
SRR6299860,fold_1,0.0634146147053244,0.19351186861243194,0.2726427005010374,0.43359891077912477,0.03683190540208162
SRR6299864,fold_1,0.05379712521669026,0.2843665854535575,0.2924665954462551,0.3208048843180856,0.04856480956541165
SRR6299876,fold_1,0.02871406946410721,0.12860842639548023,0.24105159036007515,0.5817989685382712,0.019826945242066265
SRR6299914,fold_1,0.019982820370570857,0.0979940498100628,0.23860835874109412,0.6191953568314963,0.02421941424677621
SRR6299936,fold_1,0.026246296227804382,0.12803794201396104,0.25227019050897137,0.5750254701156509,0.018420101133612615
SRR6299945,fold_1,0.0333847552029912,0.14024672766091256,0.29072563977981203,0.5148774709344495,0.020765406421834384
SRR6299971,fold_1,0.04454220212336116,0.22445313631167646,0.28537160084206753,0.4243712274656006,0.021261833257293614
SRR6299974,fold_1,0.036496328278589577,0.14929959781467012,0.24318444948402115,0.5503869828962319,0.02063264152648777
SRR6300001,fold_1,0.031393254699058175,0.1416828388815296,0.25962428455362646,0.5343573974507174,0.032942224415067785
SRR6300004,fold_1,0.06884944422920058,0.1765384918158093,0.2617383482116175,0.4593501512234281,0.033523564519944454
SRR6300010,fold_1,0.0450195236684265,0.15687152428289114,0.2644148946265636,0.5112257032035659,0.022468354218552693
SRR6300013,fold_1,0.0210959350213661,0.10342254761677301,0.24091355611605633,0.6221630222680462,0.012404938977758672
SRR6300022,fold_1,0.043911495885770695,0.20975752624557165,0.27091720224025645,0.44994981725831207,0.02546395837008868
SRR6300029,fold_1,0.046321505781615216,0.1952671302521751,0.2687701890628106,0.4645539335397169,0.025087241363681744
SRR6300063,fold_1,0.04235746684709471,0.1619979102580181,0.2739092665667656,0.48968556587641854,0.032049790451702684
SRR6300089,fold_1,0.0376960210204263,0.22202965278479886,0.2682863600181642,0.4401759033341225,0.0318120628424882
SRR6300099,fold_1,0.023924121171476215,0.15772731681787142,0.25510302857319905,0.5427146600901067,0.020530873347346122
SRR6300101,fold_1,0.05108020116287604,0.22174858080052143,0.28204480957751366,0.4213414895636414,0.023784918895447506
SRR6300105,fold_1,0.01673610144018512,0.07723744353333664,0.22705470190500313,0.6650513416885657,0.013920411432909525
SRR6300134,fold_1,0.059775813702293644,0.20853746436010015,0.27786378301553605,0.41397664845453963,0.03984629046753055
SRR8534047,fold_1,0.06385860244337105,0.2688253026616969,0.39834888676405616,0.12199029265860616,0.1469769154722698
SRR8534057,fold_1,0.041024246808082955,0.11764968211522099,0.27865999753695475,0.4464802919143431,0.11618578162539804
SRR8534064,fold_1,0.058697261773916584,0.1448252543939549,0.3210491925396187,0.3263710909965858,0.14905720029592381
SRR8534069,fold_1,0.08084764721694271,0.15949931757883945,0.3646563159185662,0.227799701541632,0.16719701774402013
SRR8534109,fold_1,0.06859857543755549,0.12899494961467886,0.3975356281263611,0.17270305800829874,0.23216778881310582
SRR8534131,fold_1,0.024937269064979343,0.13620315676335057,0.25240343454481656,0.5470759503883771,0.03938018923847615
SRR8534206,fold_1,0.0901522237776213,0.1596883007847104,0.37631863535098276,0.17953669726423713,0.19430414282244848
SRR8534215,fold_1,0.08690400987689119,0.21359712024137387,0.4457469449715159,0.10085345110667676,0.15289847380354285
SRR8534223,fold_1,0.0584016065129905,0.18291357080873188,0.4188814000953649,0.208944830324641,0.13085859225827215
SRR8534252,fold_1,0.05301929161104447,0.31748165892297986,0.38797117062968006,0.0954532856302402,0.1460745932060553
SRR9160233,fold_1,0.013895909848308088,0.06674788002154834,0.11209121364283997,0.027834190752948938,0.7794308057343537
SRR9160258,fold_1,0.046006349391832325,0.1419958581226864,0.17816676607941023,0.024939223345890466,0.6088918030601802
SRR9160260,fold_1,0.04535447983686719,0.07208282800067382,0.14428420801450065,0.022116168394359325,0.7161623157535985
SRR9160265,fold_1,0.07470199858519297,0.13984474737692845,0.21147293917862403,0.05813165918662266,0.5158486556726318
SRR9160268,fold_1,0.023323450102353333,0.09656969064571541,0.15311702342405592,0.020361225018487947,0.7066286108093871
SRR9160271,fold_1,0.04425305000879721,0.10482232647607961,0.19346620032347428,0.0502170785549549,0.607241344636693
SRR9160273,fold_1,0.01520833073562583,0.06255447917901101,0.09884459851969005,0.029204771310405536,0.7941878202552676
SRR9160276,fold_1,0.04140698404801404,0.08990146989254207,0.1869748206859837,0.04047172463815256,0.6412450007353067
SRR9160281,fold_1,0.02400945573263539,0.08885548667734541,0.14024987925084761,0.022910552279601315,0.7239746260595697
SRR9160284,fold_1,0.04562096991737676,0.09168828302823309,0.18588364583133346,0.08019897280709794,0.5966081284159584
SRR9160287,fold_1,0.058112299806752477,0.18323814869401486,0.16064651963568502,0.06327106516746014,0.5347319666960869
SRR9160289,fold_1,0.042997296396489526,0.1473525632874965,0.2222926548218322,0.1819849281683661,0.4053725573258162
SRR9160291,fold_1,0.046159437620518745,0.05592005692910982,0.15465724777932285,0.05400792372720809,0.6892553339438402
SRR9160292,fold_1,0.03475804869991827,0.1009193095005535,0.16216109495183015,0.02597915365355846,0.6761823931941389
SRR9160295,fold_1,0.05699193389728209,0.1588848671345098,0.18205222327089798,0.04182109866721448,0.5602498770300953
SRR9160296,fold_1,0.041899610456701125,0.15267374610926865,0.22153195696935302,0.05677652204133357,0.5271181644233432
SRR9160303,fold_1,0.027405866686523526,0.056548173581324274,0.12629385023773226,0.029555438192387526,0.7601966713020325
SRR9160308,fold_1,0.04258733984783692,0.07832724564878787,0.16007802654920694,0.024214433661209827,0.694792954292958
SRR9160313,fold_1,0.04553364110801307,0.1068051125207909,0.19822058712753166,0.031968658397644505,0.6174720008460197
SRR9160317,fold_1,0.0144089284094011,0.06199895564503434,0.12370572686440975,0.03398001770384332,0.7659063713773109
SRR9160318,fold_1,0.07412565763805339,0.1791543625590646,0.22293442227849505,0.21160683705261216,0.31217872047177525
SRR9160326,fold_1,0.023976987852978544,0.08535382183931302,0.11228109024390374,0.04200549584977193,0.7363826042140323
SRR9160338,fold_1,0.01556753863578105,0.05285114822721231,0.12215844220421813,0.04918319920424296,0.7602396717285449
SRR9160339,fold_1,0.058461184420801324,0.14446686267364647,0.22026566255734986,0.28529718060662124,0.29150910974158156
SRR9160348,fold_1,0.03787072415220028,0.061582249823036575,0.1599555481860982,0.0876857801368171,0.6529056977018468
SRR9160351,fold_1,0.08365901937252596,0.20960706702577847,0.2689858743596038,0.19332332973109323,0.24442470951099887
ERR1368881,fold_2,0.027192156499279842,0.07669280130506848,0.26934834641033617,0.6144417989520614,0.012324896833254063
ERR1368887,fold_2,0.019154012339826495,0.06061530601871836,0.317677315135436,0.5918404180325109,0.010712948473508609
ERR1368907,fold_2,0.020954855510543574,0.06414488979578145,0.28314275516226345,0.6155937415497853,0.01616375798162602
ERR1368912,fold_2,0.028637280204091647,0.08864075629280396,0.3303945464936122,0.538109662403994,0.014217754605498227
ERR1368933,fold_2,0.014834673968656783,0.05706502025017234,0.2554694038492879,0.6635548165304443,0.009076085401438292
ERR1368953,fold_2,0.03515868612171612,0.09420869330647368,0.3644960496319394,0.4960615404577218,0.0100750304821481
ERR1368960,fold_2,0.019926352851123267,0.08539384602832989,0.2927607109205739,0.5841905123166314,0.017728577883341888
ERR1368964,fold_2,0.014473536914936531,0.0581438828098205,0.2498629559669571,0.6685217671658722,0.008997857142413638
ERR1368969,fold_2,0.0224817980813719,0.061147729037674674,0.250794278460611,0.6546420449915985,0.010934149428744202
ERR1368976,fold_2,0.02589181642403092,0.060911919149499366,0.25718253218246734,0.6470243405607904,0.008989391683211891
ERR1368995,fold_2,0.01593630448364046,0.05373905847813243,0.21501091687096582,0.7064441465738374,0.00886957359342412
ERR1368997,fold_2,0.015431875009055464,0.057163579731809584,0.2427124390328059,0.6737656020025397,0.010926504223789112
ERR1369009,fold_2,0.027214814549174415,0.07937783501382249,0.2814648010913851,0.5968490583069319,0.015093491038685555
ERR1369016,fold_2,0.01654651431228985,0.05998302753034821,0.23678869191684299,0.6770907875477555,0.009590978692763718
ERR1369017,fold_2,0.02251571170281157,0.07549437473890772,0.28692907441607013,0.6049528864982807,0.010107952643929868
ERR1369019,fold_2,0.018188464319721636,0.055800748476640995,0.2851124471148378,0.6328721960447423,0.008026144044057798
ERR1369045,fold_2,0.014710979593452557,0.0541991591278596,0.2138713871214548,0.7082098951735258,0.00900857898370727
ERR1369053,fold_2,0.013039800159715485,0.05733408883982976,0.238458221550953,0.6817830357399058,0.00938485370959596
ERR1369055,fold_2,0.02371090966896796,0.06425722086319846,0.2102767213876894,0.6905084049775745,0.011246743102569842
ERR1369063,fold_2,0.012564625803596227,0.05661806239305419,0.21359926644092156,0.7081737572575719,0.009044288104856378
ERR1369070,fold_2,0.018713945651007282,0.0619123445119659,0.2245891531158741,0.6851165652247514,0.009667991496400885
ERR1369081,fold_2,0.016466351202464275,0.05883971436026662,0.2114635853786461,0.7032461735977805,0.009984175460842577
ERR1369102,fold_2,0.01831059294128938,0.05680918581336357,0.22597959654304628,0.6892938705964156,0.009606754105884989
ERR1369117,fold_2,0.022180867001346225,0.09330362808279226,0.3572299713930978,0.5210815152045467,0.006204018318216307
ERR1369120,fold_2,0.024748005177748115,0.0693046506422891,0.2558504919687886,0.6400352917299222,0.010061560481252306
ERR1369132,fold_2,0.027951429735703467,0.0676751898137308,0.2547941829158637,0.6412700674421921,0.00830913009251023
ERR1369149,fold_2,0.020294757368742943,0.06059348934881878,0.3393299132539264,0.5720039521036443,0.007777887924867414
ERR1369153,fold_2,0.013437674863452815,0.05619158111633944,0.3322062342500866,0.5889566510711367,0.009207858698984472
ERR1369156,fold_2,0.016420510624963126,0.06184063262672208,0.2117414229055956,0.6983966648603458,0.011600768982373638
ERR1369158,fold_2,0.013334035609380854,0.05875481527937443,0.2052008038397526,0.7115401841305411,0.01117016114095122
ERR1369160,fold_2,0.014160019330012019,0.05468867211265348,0.2473413764492268,0.6740864539911123,0.009723478116995641
ERR1369161,fold_2,0.01783282334822388,0.052694677066708204,0.25319096249917566,0.6682688675189535,0.008012669566938321
ERR1369164,fold_2,0.013551161485276842,0.05456727236358043,0.2723189717504018,0.6498587247938302,0.009703869606910491
ERR1369196,fold_2,0.014333558961303354,0.0580341289079201,0.24294823232233753,0.6733050517472274,0.011379028061211518
ERR1369216,fold_2,0.01303076887719118,0.057462301660922595,0.26692242612570943,0.6482899794188484,0.014294523917327759
ERR1369221,fold_2,0.013097341634608548,0.05634725388176165,0.22921306770399577,0.6905412855351397,0.010801051244494252
ERR1369257,fold_2,0.01926814760844456,0.05978831936975516,0.22803059584563057,0.6744821014861224,0.018430835690046686
ERR1369268,fold_2,0.014381753470963226,0.06194233227359176,0.2291249638386397,0.6841398050722017,0.010411145344603826
ERR1369279,fold_2,0.016178265193286117,0.06217451871280235,0.23242583814160897,0.6770467663333947,0.012174611618908215
ERR1369320,fold_2,0.013451871567245938,0.05512283928580731,0.32550173795880477,0.5968404231391214,0.009083128049020409
ERR1369337,fold_2,0.023458392709678106,0.07952046343655131,0.3864053891850069,0.495793756575323,0.014821998093440666
ERR1369388,fold_2,0.013275430181604708,0.05816093186844593,0.30973818089190336,0.6088558031554097,0.009969653902636332
ERR1369423,fold_2,0.0181621999231874,0.0655875934209071,0.2904289378448445,0.6157787724585622,0.01004249635249857
ERR1369424,fold_2,0.01833148277751465,0.06460510441172813,0.4231088817546949,0.4866751603650651,0.0072793706909973395
ERR1369437,fold_2,0.01639365126341046,0.05855103763395033,0.4310747003817265,0.48736212322295086,0.006618487497962258
ERR1369459,fold_2,0.014581676128957596,0.06079556743832469,0.24428470587577616,0.6684901657097246,0.011847884847217214
ERR1369491,fold_2,0.029691463234529293,0.07927166173206847,0.4560497422290834,0.42786428631815937,0.007122846486159664
ERR1369511,fold_2,0.01445985166460244,0.06086342858933295,0.3658488335339333,0.5510993345424823,0.007728551669649215
ERR1369514,fold_2,0.01883785889071002,0.08663057732082866,0.3874224846491979,0.4945989409538549,0.012510138185408486
ERR1369515,fold_2,0.01567542952733658,0.06270221737296414,0.2958321852196858,0.614682707194386,0.011107460685628184
ERR1369516,fold_2,0.017320006081387507,0.06326622657996368,0.4004701790570449,0.5096209820546209,0.009322606226983218
ERR1369521,fold_2,0.013796061618724023,0.06441189953293985,0.31009453305820583,0.6001907873527759,0.011506718437354103
ERR1369540,fold_2,0.014621128422495563,0.06299798266957954,0.22197389120885275,0.6873161946181151,0.013090803080956954
ERR1369543,fold_2,0.014079181882451355,0.06414212688459874,0.27690947639023533,0.6315879532641007,0.013281261578614246
ERR1369548,fold_2,0.014177887221452313,0.06479857554331156,0.3465870587217401,0.5652394102994118,0.009197068214083988
ERR1369559,fold_2,0.017212165110094022,0.07536700761572902,0.4457819025248689,0.4543482136039804,0.007290711145327386
ERR1369569,fold_2,0.016379120153611867,0.059878736949565685,0.24972699616774335,0.6626650376830657,0.011350109046012998
ERR1369594,fold_2,0.013073165367666797,0.06631976554929475,0.3541517611104282,0.5556396535911023,0.010815654381507795
ERR1369613,fold_2,0.014754436301840989,0.057690531907213696,0.4792020513435759,0.44020712826558384,0.008145852181785653
ERR1369615,fold_2,0.022242106462267937,0.08634015445713769,0.49227821926886234,0.39243266887884104,0.006706850932890594
ERR1369617,fold_2,0.017823932236867686,0.06821048984424523,0.2414704250141064,0.6616776043861696,0.010817548518610803
ERR1369618,fold_2,0.022987144570599725,0.05765938189131704,0.3446669407168189,0.5650795209625331,0.009607011858730877
ERR1369632,fold_2,0.018426242093993208,0.0629861669837715,0.3471791309884699,0.5610658992860984,0.010342560647666374
ERR1369664,fold_2,0.016983965134095835,0.06626112952559281,0.2776057974443986,0.6276759480971593,0.011473159798753543
ERR1369665,fold_2,0.01979144924669238,0.05876992679403294,0.29171156862478903,0.619389237674014,0.010337817660471833
ERR1369667,fold_2,0.013242432402323298,0.06421907082437833,0.47571800513543655,0.4400092167051649,0.00681127493269699
ERR1369671,fold_2,0.013936650989885262,0.063960802353991,0.3078008266092783,0.6035273048907976,0.010774415156047625
ERR1369680,fold_2,0.02794313434117403,0.07140783719924372,0.29720248940843963,0.5900909791163725,0.013355559934769706
ERR1369693,fold_2,0.01912970971844355,0.06079256650550682,0.3797166956565667,0.5299941854494745,0.010366842670008725
ERR1369697,fold_2,0.013696063450270246,0.06634889817010037,0.33778941243046207,0.5687785454301393,0.013387080519027615
ERR1369706,fold_2,0.012919512964417484,0.07410373424609046,0.42451459029390864,0.4777820330753555,0.010680129420227766
ERR1369769,fold_2,0.017842617793781292,0.06957965708913835,0.3742870995434966,0.529973526094055,0.00831709947952791
ERR1369777,fold_2,0.02094179784284916,0.06543578627781889,0.38022565203150965,0.522490143072963,0.010906620774858593
ERR1369789,fold_2,0.014060630360300192,0.06033143793212997,0.22781221110886235,0.6848662652444794,0.012929455354228153
ERR1369815,fold_2,0.0115535504965475,0.05474127615525748,0.3662829539896429,0.5597166232952957,0.007705596063255913
ERR1369842,fold_2,0.012641561188627097,0.06530526684547032,0.282608079250394,0.6305962493403918,0.008848843375116334
ERR1369845,fold_2,0.016715682938686142,0.06272914051037724,0.3770177650856631,0.5361278604055724,0.007409551059700495
ERR1369867,fold_2,0.015965780657429537,0.07016600054962913,0.36653181114002914,0.5315216509326479,0.01581475672026376
ERR1369870,fold_2,0.014151075608073374,0.0639316987880831,0.4336415324512868,0.4746020007768261,0.013673692375730512
ERR1369875,fold_2,0.021704006633158843,0.09592043731219961,0.44287420371937913,0.4311380929289068,0.008363259406355225
ERR1369933,fold_2,0.02120280831861594,0.07616695306603052,0.48937960933545593,0.4071131412349049,0.0061374880449923735
ERR1369945,fold_2,0.012747083168613076,0.0597208963821033,0.38731848672860314,0.5310458800606838,0.009167653659996932
ERR1369952,fold_2,0.018970019198017114,0.08938610930780166,0.481677584534077,0.4048948280937584,0.0050714588663455734
ERR1369966,fold_2,0.014550477585968937,0.05815095698143151,0.21760634602400744,0.6994384174089866,0.010253801999605676
ERR1369971,fold_2,0.010803023984953046,0.07881481310281147,0.4797249736965343,0.4243019949424259,0.006355194273275029
ERR1369982,fold_2,0.018012972119049248,0.07241686720875157,0.45503082729187916,0.44818512433568475,0.00635420904463482
ERR1369986,fold_2,0.01605915178316157,0.06886277392781376,0.3137819097681115,0.5926424148977018,0.008653749623211223
ERR1369987,fold_2,0.015905990141628214,0.0685864386905997,0.2528689080965186,0.651682708243686,0.01095595482756746
ERR1369990,fold_2,0.02448559631810825,0.11713251537205019,0.4808798220495566,0.37186477432535564,0.005637291934929247
ERR1369991,fold_2,0.01978332060759655,0.07895887140538743,0.34450946658120907,0.5466889006604508,0.01005944074535611
ERR1369992,fold_2,0.021475964996352712,0.06938211700108683,0.39785437222125764,0.501123414044038,0.010164131737264697
ERR1369994,fold_2,0.020943051097949725,0.06044321461898493,0.2982254768262371,0.6032178435442552,0.017170413912572947
ERR1370000,fold_2,0.01749405871409183,0.06346218544636392,0.42555636118513845,0.4866196874923052,0.006867707162100603
ERR1370011,fold_2,0.017925250101232578,0.0760774010234366,0.2523975372762311,0.6417758432470593,0.011823968352040455
ERR1370027,fold_2,0.012174749232042602,0.05504814097104218,0.3097806135730944,0.615028020256702,0.007968475967118504
ERR1370033,fold_2,0.014519183291960376,0.07249610416148114,0.4149088762817197,0.489814081685431,0.008261754579407648
ERR1370050,fold_2,0.021293705253894436,0.06400078824465161,0.3936372369304253,0.5119099370156451,0.009158332555383404
ERR1370064,fold_2,0.013138448410698996,0.06210936973768843,0.3894671284632877,0.5267237918025043,0.008561261585820837
ERR1370077,fold_2,0.012777397363906422,0.060924469130880156,0.29871295869795716,0.6189102966635587,0.008674878143697742
ERR1370083,fold_2,0.012903676631776271,0.059034467741966724,0.48631749536938446,0.4347709996161247,0.006973360640747451
ERR1370089,fold_2,0.019637685065235888,0.0646833136200855,0.4735258768555256,0.43345829600449476,0.008694828454658058
ERR1370105,fold_2,0.014097826182397733,0.05450281034628051,0.2768890195236687,0.6471501485065307,0.007360195441121998
ERR1370113,fold_2,0.011851442430289525,0.06452208866982022,0.4580802408868674,0.4598734796313941,0.0056727483816284684
ERR1370114,fold_2,0.019275096833915827,0.06595620335120576,0.26692274330826204,0.637522971744296,0.01032298476231996
ERR1370115,fold_2,0.014601392158527625,0.06192727070306525,0.24628998952091544,0.6675690942272537,0.009612253390237992
ERR1370123,fold_2,0.01972257929353345,0.08838045418816871,0.44716188727995587,0.4358482048844748,0.008886874353867417
ERR1370138,fold_2,0.014834928638689671,0.0634269907286972,0.42050298935282565,0.4875916636714521,0.013643427608335512
ERR1370147,fold_2,0.019202203721791777,0.06733994145844101,0.24917117611445241,0.6554530080717346,0.008833670633580355
ERR1370162,fold_2,0.015406921709516153,0.060086762180337865,0.4310382472872436,0.48609613499524484,0.007371933827657718
ERR1370172,fold_2,0.01754595403314536,0.06479621666196196,0.37099527436646595,0.5386058300404144,0.008056724898012142
ERR1370191,fold_2,0.0230534526606532,0.08021234705352404,0.459947852899854,0.4288038719015546,0.007982475484413814
ERR1370192,fold_2,0.018179122057842202,0.08025242854014646,0.356840078743186,0.53520371094279,0.009524659716035857
ERR1370224,fold_2,0.012303767102862361,0.07017257962283278,0.3760204778758606,0.5329484910466241,0.008554684351819122
ERR1370270,fold_2,0.03462082999501181,0.08740605978282406,0.4215148169168652,0.449438064956778,0.007020228348520921
ERR1370285,fold_2,0.01983774406203554,0.06397198221821487,0.30064840395623316,0.6077232684949159,0.00781860126860043
ERR1370293,fold_2,0.01907954257549335,0.06361289609657678,0.21734545278636852,0.6870953455486578,0.012866762992903588
ERR1370303,fold_2,0.022934956739832577,0.0954608269427767,0.4151236283605687,0.4584027171125319,0.008077870844289913
ERR1370325,fold_2,0.019666401128601716,0.06246489519802795,0.3067204869483555,0.6000869093443366,0.011061307380677707
ERR1370372,fold_2,0.012193721394296109,0.055853464312278556,0.2546066097117317,0.6683887914819264,0.008957413099767175
ERR1370376,fold_2,0.015234667059367404,0.06404371073343536,0.21676897285794797,0.6934799373033785,0.010472712045870823
ERR1370377,fold_2,0.028611247503379244,0.07421931230673946,0.34749831099168754,0.5401258122413012,0.009545316956892641
ERR1370383,fold_2,0.017167018952425388,0.06790580940589538,0.2224214151401697,0.6747134289411787,0.01779232756033087
ERR1370389,fold_2,0.021820467673618022,0.05960870867233388,0.27224942272478886,0.6360216898558468,0.010299711073412762
ERR1370396,fold_2,0.021940398111875863,0.06471539553467057,0.34576190045207983,0.5601358917949706,0.007446414106403408
ERR1370404,fold_2,0.015352108912850337,0.06438955216429586,0.238300055948113,0.6700918797542046,0.011866403220535952
ERR1370405,fold_2,0.015756079982910013,0.05252176516715248,0.2724594912176243,0.6499521790309826,0.009310484601330942
ERR1370427,fold_2,0.03412321116919879,0.0821483325704237,0.3526632530496165,0.5225417821592414,0.008523421051519646
ERR1370428,fold_2,0.019460659429702636,0.061100345021057295,0.22650116234767848,0.684468936077646,0.008468897123915586
ERR1370440,fold_2,0.012186905962012232,0.053732757719971956,0.26127121569001477,0.6643950086914312,0.008414111936569827
ERR1370455,fold_2,0.025868968769121477,0.07798020703467592,0.34897669386516783,0.5343289431102888,0.01284518722074541
ERR1370459,fold_2,0.012638119086994797,0.05549581657696013,0.22268571110322394,0.699803775587435,0.009376577645386136
ERR1370461,fold_2,0.023373165933032604,0.06477374636982736,0.2999127071097265,0.6054001301927394,0.006540250394674362
ERR1370473,fold_2,0.024159200818734825,0.06321654648908696,0.2851177633106354,0.6181850186557577,0.009321470725785045
ERR1370476,fold_2,0.022846553022433696,0.052373039399159604,0.3200404114553707,0.5972373131737096,0.007502682949326355
ERR1370491,fold_2,0.0258954868985653,0.05877132253797309,0.3035701375111947,0.6027287911794365,0.009034261872830834
ERR1370495,fold_2,0.020066692751847214,0.06105853514641082,0.31379359663432876,0.5924953426849057,0.012585832782507187
ERR1370499,fold_2,0.01485585489097236,0.08081840690226952,0.34383999983642893,0.5501549174172236,0.010330820953105427
ERR1370501,fold_2,0.015771751417182695,0.06490904469867338,0.2289900895389253,0.6809208693538809,0.009408244991337645
ERR1370507,fold_2,0.014013247040137117,0.054864294687326835,0.24725161173754376,0.6746837148054043,0.009187131729588027
ERR1370514,fold_2,0.018883268424575203,0.07556972821787965,0.30165406167265274,0.5959090366067904,0.007983905078101825
ERR1370523,fold_2,0.014822840297164757,0.07417992855666164,0.22536072151017233,0.6740227600623689,0.0116137495736325
ERR1370534,fold_2,0.013166275410632566,0.055310852151085776,0.2170024715271372,0.704720269553525,0.009800131357619427
ERR1370536,fold_2,0.01242512786279916,0.05485878181215125,0.28257747707155584,0.6418353624491151,0.008303250804378735
ERR2172364,fold_2,0.01902284254183185,0.07058701435724375,0.2467203689409997,0.6515504772488603,0.012119296911064363
ERR2172396,fold_2,0.013416976572497562,0.05937620275251704,0.37307285882213115,0.5476922528338737,0.0064417090189804824
ERR2172433,fold_2,0.017797763986885543,0.06556672733768368,0.43849948852500914,0.47148374185185155,0.006652278298569821
ERR2172453,fold_2,0.014784505412313187,0.06151423886740215,0.37090543196201775,0.5447333647093107,0.008062459048955573
ERR2172461,fold_2,0.0149394297355444,0.058098718103487525,0.4024077458102807,0.5168424679166084,0.00771163843407894
ERR2172463,fold_2,0.017923514670998102,0.05887965400290976,0.26662724101493196,0.648102087585948,0.008467502725212071
ERR2172464,fold_2,0.019310183400410227,0.0591180974217523,0.32975836916604334,0.5833907922273567,0.008422557784436891
ERR2172466,fold_2,0.02247389058217874,0.06416663197916739,0.41421918787872286,0.4918863574190207,0.007253932140910145
ERR2172514,fold_2,0.013501153582174599,0.05818523988559195,0.5724963208299657,0.35084277848832096,0.004974507213946425
ERR2172521,fold_2,0.013138774447199632,0.059156720551782976,0.5645151638952053,0.3583093386884951,0.004880002417316455
ERR2172522,fold_2,0.012846692461649746,0.05664478586237643,0.5530516740853878,0.372689890964483,0.004766956626102714
ERR2172527,fold_2,0.019332529493912717,0.07340791293922658,0.21802454727070564,0.677149833448846,0.012085176847308816
ERR2172533,fold_2,0.0109008258268466,0.053582581656243904,0.5723404100147381,0.35844433713253016,0.004731845369640565
ERR2172540,fold_2,0.01340786032664891,0.056907272423002,0.5395189981558792,0.38479889875274575,0.005366970341723926
ERR2172541,fold_2,0.014459479327626227,0.054760492485220975,0.5490419405253308,0.37639067184688985,0.005347415814931801
ERR2172542,fold_2,0.019157145528433037,0.071269321041869,0.22864017630136252,0.6679874998218492,0.012945857306486118
ERR2172558,fold_2,0.011566925728979003,0.0552488099071033,0.5559518995880345,0.37212253938078155,0.00510982539510127
ERR2172563,fold_2,0.013662514512102833,0.057492430732549615,0.26953533596656337,0.6502416149722346,0.009068103816549477
ERR2172586,fold_2,0.01146094868437583,0.04860057739340079,0.3340487487377636,0.5986814074108736,0.00720831777358625
ERR2172591,fold_2,0.013669633035672204,0.05648231145157195,0.37346051277170694,0.5491763653804228,0.0072111773606257906
ERR2172592,fold_2,0.014050001736085675,0.05218612024510664,0.32511267984500625,0.6007620651003315,0.007889133073469768
ERR2172603,fold_2,0.012121981851467938,0.04755482646787762,0.3289300564640639,0.6038719452629104,0.007521189953680103
ERR2172604,fold_2,0.014047466583702232,0.05214839870955805,0.361397188879153,0.5655352669901376,0.00687167883744941
ERR2172683,fold_2,0.018903282033789586,0.06644188860592172,0.25470194394525514,0.6503354298644667,0.009617455550566733
ERR2172732,fold_2,0.020630703811706022,0.06309238044747006,0.5112619279041521,0.3996223081331306,0.005392679703540699
ERR2172733,fold_2,0.019309157978470687,0.07226150665017805,0.22316851849781172,0.672897555454004,0.012363261419535638
ERR2172734,fold_2,0.018581295754085455,0.06115388640822289,0.5013295197196563,0.4125304212912855,0.00640487682674966
ERR2172746,fold_2,0.01885046174321413,0.058294663806976746,0.5026051947538873,0.415025974158356,0.005223705537565279
ERR2172747,fold_2,0.019047709160616013,0.06105219837872657,0.48349501726011535,0.4306494370465192,0.005755638154022467
ERR2172775,fold_2,0.01507066163083422,0.05810911336024878,0.379011012850652,0.5400212335156083,0.007787978642656335
ERR2172781,fold_2,0.013968741456559101,0.06267205790394353,0.23395938486296342,0.6784948448242,0.010904970952334076
ERR2172789,fold_2,0.013557204629861538,0.06009368341985667,0.23454100311276246,0.6818031956959307,0.010004913141588882
ERR2172791,fold_2,0.012722855272654826,0.059978336762217366,0.27447507715308467,0.644086561577749,0.008737169234294125
ERR2172811,fold_2,0.013563567304613557,0.05962284533987862,0.29059572699095654,0.6273149234797194,0.008902936884831826
ERR2172812,fold_2,0.011295664244778484,0.057972178312694723,0.3600729659096233,0.5628851788768308,0.007774012656072547
ERR2172817,fold_2,0.013126690928388562,0.06903954241862287,0.32423252111010126,0.5856128961938274,0.007988349349059684
ERR2172885,fold_2,0.013502265209775193,0.061718932751980676,0.22869503052816806,0.6867683485030235,0.009315423007052457
ERR2173069,fold_2,0.013592042862021899,0.05869327390287798,0.20466800040495065,0.7125887785930729,0.010457904237076886
ERR2173071,fold_2,0.017510330543710876,0.06957674455467205,0.21849957761266398,0.6839834253733336,0.010429921915619915
ERR2173074,fold_2,0.01443998815578961,0.05969209919376933,0.2062643731529538,0.7096786388661269,0.00992490063136074
ERR2173123,fold_2,0.01566941682830513,0.05991687130601157,0.2131899191670381,0.7014444313445719,0.009779361354073549
ERR2173138,fold_2,0.01962747646412765,0.07275546054970462,0.21880467118390093,0.6764619874479084,0.012350404354358309
ERR2173170,fold_2,0.01648439657952122,0.06642992580210319,0.24381919139105152,0.6651092061996423,0.008157280027681587
ERR2173190,fold_2,0.019110660696653223,0.06727511719849723,0.24741770394644497,0.6564061987438,0.009790319414604183
ERR2173194,fold_2,0.015349360487607473,0.061530722824708346,0.2126568066389291,0.6991774338182659,0.011285676230489242
ERR2173208,fold_2,0.013782045389929685,0.05972709912510787,0.22036136979458765,0.6955360668705544,0.010593418819820776
ERR2173209,fold_2,0.014889721812218835,0.06008773597995221,0.22389750603363415,0.6907380461038374,0.01038699007035741
ERR2173211,fold_2,0.014004979045789635,0.060951599653473465,0.2225213536265232,0.6917008412558737,0.01082122641834006
ERR475469,fold_2,0.11629752787165507,0.43928675532419403,0.33917895927166614,0.07194571682017309,0.03329104071231195
ERR475477,fold_2,0.09511642145703322,0.450670179841375,0.37060122674610996,0.06284752607925984,0.020764645876222735
ERR475484,fold_2,0.09376103084420544,0.4801035199029071,0.32685900542336743,0.06349044190691552,0.03578600192260431
ERR475485,fold_2,0.11883966966103827,0.4629041881320748,0.2990121220450521,0.08157889710271188,0.0376651230591233
ERR475497,fold_2,0.16580652225818324,0.34464774720442515,0.36917824098947916,0.0575652330908083,0.06280225645710431
ERR475500,fold_2,0.10595277864234355,0.5156146399365669,0.2288981566375752,0.11709894352207584,0.032435481261438526
ERR475503,fold_2,0.1111459538788818,0.45091347202651993,0.34830235558378253,0.05415207592295067,0.03548614258786492
ERR475512,fold_2,0.14471076673775626,0.2897856496914494,0.44184288751560996,0.0746524964354177,0.04900819961976667
ERR475513,fold_2,0.11703581466899121,0.5741767711898391,0.2632336002307742,0.02829940759182896,0.017254406318566406
ERR475539,fold_2,0.09777074843299385,0.5014837234822282,0.24438061282530324,0.1066118473074836,0.049753067951991296
ERR475572,fold_2,0.12917099908307897,0.35570229546462706,0.40493215589339676,0.06724964207435506,0.04294490748454204
ERR5009500,fold_2,0.024993108080040426,0.0685867202491104,0.31985186779854186,0.5713082487693896,0.015260055102918049
ERR5009588,fold_2,0.016311287009066446,0.06852842303360207,0.2721024999886988,0.6344976679443723,0.008560122024260115
ERR5009589,fold_2,0.03038365548623454,0.09833345207950012,0.3355805418674492,0.5270172827549643,0.00868506781185189
ERR5009606,fold_2,0.015458662210996267,0.06250710362443074,0.26253222180946967,0.6500704407772847,0.009431571577818643
ERR5009629,fold_2,0.016997530638691603,0.07412414075556438,0.2195992606719218,0.6783162408395678,0.010962827094254392
ERR5009634,fold_2,0.01454311183186611,0.05913595036619276,0.21105159109749902,0.7059169901957781,0.009352356508664332
ERR5009636,fold_2,0.01626200674764317,0.0708028765956878,0.2218535704247058,0.6753133869281024,0.015768159303860753
ERR5009641,fold_2,0.02222342729898259,0.062145705782072916,0.23510327631796316,0.6690536739909264,0.011473916610054844
ERR5009645,fold_2,0.017269753591299567,0.06435274844214503,0.23950515030298863,0.6696400182656977,0.009232329397869084
ERR5009690,fold_2,0.01390929760243688,0.055336806545554396,0.231108008858527,0.6913766338935625,0.008269253099919004
ERR5009706,fold_2,0.027318821754319815,0.10620060376396014,0.39513493454061027,0.4635324708777282,0.007813169063381269
ERR5009741,fold_2,0.017364703905885306,0.05949005955616623,0.23771479682227067,0.675960530291775,0.009469909423902573
ERR5009742,fold_2,0.0237874622750267,0.08524630549317067,0.32889476065309114,0.553273062792802,0.008798408785909534
ERR674079,fold_2,0.12060738478324244,0.4293571060316395,0.29549656374355665,0.12243520851121804,0.03210373693034318
ERR674099,fold_2,0.16067523776575596,0.4886122611931449,0.2570089284155101,0.07580533148480557,0.017898241140783245
ERR674128,fold_2,0.08385110133345061,0.48409385198675225,0.24249203382627646,0.1517535034409209,0.03780950941259932
ERR674131,fold_2,0.12466636739099844,0.42180564117650565,0.2844376235445769,0.1345504001358936,0.03453996775202508
SRR10305356,fold_2,0.0805069636759766,0.22730094664643666,0.308369652183908,0.13884457136057557,0.2449778661331038
SRR10305378,fold_2,0.05962031132639456,0.13606901021433673,0.27276355058693946,0.19373064925567426,0.3378164786166553
SRR10305387,fold_2,0.051001128437041736,0.10948488685012935,0.2492117359537826,0.1364848622453683,0.4538173865136783
SRR10305396,fold_2,0.06327613428977287,0.1759079950880652,0.2382218993540624,0.060346135550339644,0.4622478357177604
SRR10305402,fold_2,0.07601640572582792,0.1815517276547613,0.2554308277426408,0.11769023122980281,0.3693108076469669
SRR10305406,fold_2,0.07046831040332327,0.23217630679408754,0.2625381467419685,0.13678974646955086,0.2980274895910698
SRR10305408,fold_2,0.05879180982539703,0.16499169320388207,0.24472075837958215,0.16318405296490862,0.3683116856262304
SRR10305421,fold_2,0.019711290135078607,0.0732038884241661,0.21903289834296472,0.6756788813823298,0.012373041715460713
SRR10442279,fold_2,0.5844080554658817,0.20551431595748934,0.1582894659072841,0.04223588378127261,0.009552278888072245
SRR10442281,fold_2,0.7464951133848134,0.08697094146223348,0.1299632546828768,0.02922679646546928,0.0073438940046069625
SRR10442295,fold_2,0.6550275741126265,0.1283444884648552,0.1553391490553977,0.04672621663715887,0.0145625717299625
SRR10442297,fold_2,0.5184256109474785,0.1765363697286297,0.21801220113823513,0.07506462208292602,0.011961196102730663
SRR10442307,fold_2,0.722329124471529,0.12705678688543282,0.11916025993012659,0.026126393080836738,0.005327435632075243
SRR10442309,fold_2,0.6158772263591942,0.13365697195389567,0.18381967577198283,0.05165593092224843,0.014990194992678901
SRR10442328,fold_2,0.6471979818418098,0.16991542498424225,0.13581752587254325,0.039972426125772884,0.007096641175631909
SRR10442336,fold_2,0.5524101216977413,0.1927435694675627,0.1800194098961273,0.06493204930708826,0.009894849631481082
SRR10442338,fold_2,0.6453581289247897,0.14957195982817165,0.15537570011522892,0.04192209130787552,0.00777211982393427
SRR10442340,fold_2,0.4291297252675099,0.232679504583669,0.22319179473841766,0.10071989315351812,0.014279082256885293
SRR10442341,fold_2,0.6321757392470865,0.14695336703013462,0.1651353666050032,0.049035481970827265,0.006700045146948565
SRR10442344,fold_2,0.6720366693353383,0.14025705529058932,0.1435868089017589,0.034221525924173005,0.009897940548140244
SRR10442350,fold_2,0.6759220136526658,0.09687068594883505,0.17045312213598746,0.04735525779081426,0.009398920471698094
SRR10442352,fold_2,0.6290723407328972,0.1443777410127811,0.16642243757374892,0.04834597783675686,0.011781502843816015
SRR10442356,fold_2,0.5484337231073376,0.18232224353617313,0.18469543220162338,0.073606665289439,0.010941935865426959
SRR10442359,fold_2,0.7077947760188815,0.13524735199169427,0.12119920933936738,0.029775073095069722,0.005983589554987768
SRR10442377,fold_2,0.3927362501555725,0.27648614106057046,0.2400696249973565,0.07626171836692879,0.014446265419571514
SRR10442383,fold_2,0.4385288995365014,0.23271783422642062,0.24865076992516577,0.06730083317418264,0.012801663137729336
SRR10442393,fold_2,0.5360225833863137,0.17749811660366172,0.18797134211696348,0.08511477443385378,0.013393183459207241
SRR1999127,fold_2,0.66629490878132,0.07056702916897618,0.14779984637475013,0.07253552732739965,0.04280268834755357
SRR1999128,fold_2,0.5905360053936732,0.061303436231482586,0.16310716862485589,0.14722847382980625,0.03782491592018185
SRR1999129,fold_2,0.49845587634771965,0.11821843557004613,0.18639966105789502,0.16410664938636318,0.03281937763797603
SRR1999132,fold_2,0.6751012640490776,0.04461801066871774,0.13448591909327404,0.10189080471847843,0.04390400147045173
SRR1999166,fold_2,0.6297094206316467,0.08506480877725967,0.15854829015945987,0.09511042653707742,0.03156705389455629
SRR1999186,fold_2,0.5667893012923498,0.08267237465376769,0.1785758655211662,0.11357173672967523,0.058390721803040765
SRR1999192,fold_2,0.7129530804046877,0.04628776037129897,0.13328071829663457,0.07884913814024333,0.028629302787135064
SRR1999197,fold_2,0.647201221664452,0.07806754749668092,0.16255141330371245,0.08050229471255796,0.03167752282259619
SRR1999198,fold_2,0.7347865368559346,0.05273937701545186,0.12778510895687384,0.05271256500356851,0.03197641216817118
SRR1999199,fold_2,0.7581308709495874,0.04312485391445676,0.12228209939545631,0.05309587264563584,0.023366303094863462
SRR1999204,fold_2,0.6092984259472521,0.08498322811845081,0.15742486559987828,0.11531328728515651,0.032980193049262314
SRR1999205,fold_2,0.6387576318921246,0.08212710983375,0.15711909779194844,0.06757360783862433,0.054422552643552106
SRR1999210,fold_2,0.6554123852280833,0.07159387332211808,0.15937752103109037,0.06983038055385575,0.043785839864851885
SRR1999211,fold_2,0.685327958229499,0.06728130751312987,0.1386774466208803,0.07693876489543675,0.03177452274105394
SRR1999217,fold_2,0.6419827113848017,0.08208258272903497,0.1520011249773338,0.0915291205119515,0.03240446039687792
SRR2143537,fold_2,0.0683454669903214,0.41465737392258295,0.3180176398183774,0.17697666213410423,0.022002857134613838
SRR2143552,fold_2,0.07387179193751651,0.3181444195537066,0.305022305343076,0.2790359814622073,0.023925501703493626
SRR2143560,fold_2,0.11108457480515532,0.2670332389221806,0.3528560226346853,0.2356095686752002,0.03341659496277859
SRR2143587,fold_2,0.09482367383376931,0.34209199171678273,0.3012227015052696,0.24174085510393686,0.02012077784024147
SRR2143588,fold_2,0.07704627309011508,0.3933287430675437,0.3053966442778793,0.20466945009942156,0.019558889465040467
SRR2143599,fold_2,0.07016822410416354,0.44914257670222024,0.2963125255196062,0.1656094746675255,0.018767199006484436
SRR2143631,fold_2,0.11184505655806849,0.41689644175215784,0.2754675643321965,0.1750193620934618,0.02077157526411557
SRR2143694,fold_2,0.08017171819632622,0.45573884253665564,0.27870109080920036,0.16237758719054454,0.02301076126727307
SRR2143699,fold_2,0.15519373478229911,0.4627759400860611,0.24641476167382875,0.11441976428053219,0.021195799177279102
SRR2143723,fold_2,0.08510273377153035,0.42706296423287715,0.291494601597903,0.1698586283421255,0.026481072055564124
SRR2143788,fold_2,0.06707755402901998,0.3965979761241809,0.28119686791133947,0.24042559870558916,0.014702003229870407
SRR2143808,fold_2,0.08504411538699928,0.5281638195837614,0.25310239659275563,0.1175541917970892,0.016135476639394436
SRR2143858,fold_2,0.0720420897339536,0.43995024226206214,0.27866100985216125,0.19316345240714058,0.01618320574468226
SRR2143878,fold_2,0.0978767411047904,0.3129197112556714,0.2890037962585454,0.27833059322579173,0.02186915815520123
SRR2143883,fold_2,0.06302239041609323,0.2636101284130455,0.3090007048129504,0.3434827278671756,0.02088404849073439
SRR2143910,fold_2,0.11206821004031126,0.3356893426429792,0.28590374267797425,0.2445471011396577,0.021791603499077425
SRR2143981,fold_2,0.09466801023018495,0.5615824985977305,0.22980895991309394,0.09720519634367955,0.016735334915311144
SRR2143984,fold_2,0.04214291041863981,0.18072440260360462,0.2695625859990479,0.47566041523244695,0.031909685746260456
SRR2144001,fold_2,0.126191777391335,0.434274777221738,0.28789916869439075,0.13664657417020623,0.014987702522330107
SRR2144017,fold_2,0.09014328824049063,0.38109256155993937,0.32605639557722393,0.18528078951792845,0.01742696510441745
SRR2144043,fold_2,0.10502734563330084,0.24709642255691597,0.3011743696037117,0.3247815768370932,0.021920285368978346
SRR2144107,fold_2,0.08447907063715912,0.33775199461958777,0.31083014935075115,0.24049857865315613,0.02644020673934538
SRR2144131,fold_2,0.14443107901622862,0.40312826172076327,0.3089644793906903,0.1304109888810316,0.0130651909912861
SRR22682324,fold_2,0.06105099114818855,0.2768293872841376,0.2775794563813328,0.13044416424667396,0.2540960009396672
SRR22682429,fold_2,0.02303235070765934,0.0916814927336044,0.23812193621659827,0.6185416444118151,0.028622575930322774
SRR22682493,fold_2,0.06999001540290312,0.23712486647771452,0.23699438143180424,0.17053969394221646,0.28535104274536155
SRR22682504,fold_2,0.03243699905074816,0.1206272970170649,0.2637003437905629,0.5331516330844804,0.05008372705714372
SRR22682545,fold_2,0.022511103483342173,0.08809430925497316,0.25954833626851026,0.5834556016617094,0.04639064933146487
SRR22682598,fold_2,0.049009803459701434,0.139309911718412,0.2304862179548784,0.05106196667960083,0.5301321001874074
SRR22682601,fold_2,0.05607789088847284,0.22328062963752474,0.2611308647578414,0.04928639487257557,0.41022421984358554
SRR2761034,fold_2,0.019734205002410708,0.07283495867426047,0.21823694576586744,0.6768388458318733,0.012355044725588007
SRR30050023,fold_2,0.05925591160063538,0.11832081703987582,0.25253568705685564,0.5445396477890176,0.025347936513615964
SRR30050031,fold_2,0.11463214738136143,0.13165498092026065,0.25454280760110504,0.4417125891661207,0.057457474931152004
SRR30050034,fold_2,0.1968349128338543,0.18071413473077638,0.23729340062012566,0.329486579226308,0.05567097258893611
SRR30050043,fold_2,0.0754378613584824,0.15481157498538073,0.2780336614439505,0.4425040043999943,0.04921289781219216
SRR30050053,fold_2,0.10343250541736766,0.18087149520284215,0.26210729632229374,0.41698944871308463,0.03659925434441189
SRR30050061,fold_2,0.15665530501083066,0.2010882580901949,0.27751599660545695,0.2964172756194391,0.06832316467407852
SRR30050090,fold_2,0.04490487761766228,0.13054973058444844,0.26516583228823337,0.5154892066475317,0.043890352862124
SRR30050108,fold_2,0.06300943773800373,0.10470082581892251,0.23430973600906696,0.5759316099209107,0.02204839051309583
SRR30050121,fold_2,0.1291231339315502,0.17207338373501258,0.2721430808985317,0.37470461863750887,0.05195578279739668
SRR3206665,fold_2,0.16386196704470374,0.2917792724841395,0.29902207039305384,0.22795251681277257,0.017384173265330222
SRR3206671,fold_2,0.16452686130358066,0.2603600594061432,0.3335426031089097,0.2215655853403442,0.020004890841022353
SRR3361545,fold_2,0.06792005785455836,0.29595517898547763,0.3339100862316791,0.2681926527938182,0.03402202413446672
SRR3361590,fold_2,0.04722022889608289,0.23640101113091813,0.26613434097961997,0.4164985501581899,0.03374586883518894
SRR3361685,fold_2,0.04935528251589931,0.23945587099424176,0.28099116140268204,0.3970200999624764,0.03317758512470009
SRR3361746,fold_2,0.0689687033589457,0.3008069569114928,0.33863164026015513,0.2250735383669525,0.06651916110245361
SRR3362063,fold_2,0.04690438511815421,0.4329079414830853,0.26894896990910006,0.22353705906368523,0.027701644425975114
SRR3362069,fold_2,0.05575775355547675,0.4493627935011435,0.24184749262302738,0.2157326437535404,0.03729931656681168
SRR3362133,fold_2,0.06000200082625382,0.26736312364884934,0.2746592994630173,0.3562748554024077,0.04170072065947195
SRR3362146,fold_2,0.06905058557737465,0.3615381108090786,0.3017240538302984,0.229657332059324,0.03802991772392456
SRR3362169,fold_2,0.09040440698506333,0.46514428855523143,0.27159431810060847,0.13337555381659,0.03948143254250698
SRR3362174,fold_2,0.08641406340988175,0.454173484571559,0.3113935618446104,0.11219583531030974,0.035823054863639
SRR3362197,fold_2,0.040565423857069516,0.4111251598808039,0.27084355131119486,0.24747353536205408,0.029992329588877785
SRR3362205,fold_2,0.1108843380776429,0.32611463891864156,0.3100998407148105,0.2018597676553169,0.05104141463358833
SRR3362208,fold_2,0.07230669458059787,0.442686815786343,0.27737697199865424,0.1811196794926764,0.026509838141728508
SRR3362211,fold_2,0.06775023285504712,0.3006287686250088,0.32005497964983803,0.2700444353611547,0.041521583508951125
SRR3362219,fold_2,0.0720405758290223,0.5060589408498031,0.27446353009827223,0.12079508125604471,0.026641871966857612
SRR3362233,fold_2,0.044688270519894165,0.43111836919911545,0.251195880819429,0.24906436819428046,0.023933111267280496
SRR3362258,fold_2,0.07957654850126054,0.42829551146394623,0.289481249768076,0.1535950829098939,0.04905160735682339
SRR3362277,fold_2,0.06609665092395267,0.378787264524986,0.31489587705348987,0.2041614769382694,0.036058730559301644
SRR3362284,fold_2,0.06862850671668336,0.3146920455703328,0.33581974188602814,0.23928576780748229,0.04157393801947278
SRR3666999,fold_2,0.04260134352389355,0.2561809953708196,0.24021408321610754,0.36953024911535415,0.09147332877382543
SRR3667010,fold_2,0.07484278473936254,0.2956266783374166,0.2678321414430296,0.23266548188057218,0.12903291359961938
SRR3667022,fold_2,0.037812288670042,0.4410557339560694,0.19550275886777263,0.09442674750839031,0.23120247099772553
SRR3667029,fold_2,0.051953719763017936,0.34593189646931116,0.24459531794328343,0.2779646845938241,0.07955438123056327
SRR3667035,fold_2,0.04476087475909759,0.2653421121444279,0.25380127781501566,0.34364421774785375,0.09245151753360517
SRR3667040,fold_2,0.036330875158499296,0.5531063336676633,0.16558365372117606,0.08141977245911469,0.16355936499354679
SRR5762491,fold_2,0.04298910118882232,0.17854987221523666,0.24558332754608148,0.4985268849395358,0.03435081411032364
SRR5762495,fold_2,0.06604952130938503,0.2759804172892658,0.3302433723209457,0.30094841930360666,0.026778269776796516
SRR5762508,fold_2,0.05417030492157895,0.25230505199599645,0.2788411483629967,0.3842170873962685,0.03046640732315912
SRR5762511,fold_2,0.10739440959456857,0.27507977712328996,0.3344811921673356,0.24485559023058304,0.038189030884222944
SRR5762540,fold_2,0.060375634431370985,0.2765952099706976,0.3335831185483309,0.30167440655921013,0.027771630490390397
SRR5762560,fold_2,0.08114540221564223,0.18672574964499833,0.2792738610888533,0.4241479916927683,0.028706995357737932
SRR6299727,fold_2,0.032304975992888424,0.12029576722618515,0.2383608227460815,0.5827790101856599,0.0262594238491851
SRR6299749,fold_2,0.08896528916557275,0.3528063221454644,0.2998049144847895,0.2354843119778798,0.022939162226293646
SRR6299766,fold_2,0.06735773784547607,0.19975989715065767,0.2738674889733973,0.42167677381936136,0.03733810221110769
SRR6299769,fold_2,0.026147690579565366,0.10125417000365247,0.23770886377105113,0.6098355757791255,0.025053699866605442
SRR6299772,fold_2,0.059932539456470084,0.22528931553989642,0.28351774186614975,0.40052425062650426,0.030736152510979466
SRR6299790,fold_2,0.06600459435071583,0.256416341452894,0.30135485663309386,0.3479187607222663,0.02830544684102986
SRR6299793,fold_2,0.03507206009200057,0.11827920981325481,0.24142418186982353,0.5838322899638796,0.021392258261041495
SRR6299802,fold_2,0.03112796799127956,0.10511578212238493,0.22533312132950875,0.6169614926569525,0.021461635899874317
SRR6299810,fold_2,0.023881496139217633,0.09373522935582614,0.22378185745296802,0.6385912971811821,0.020010119870805854
SRR6299857,fold_2,0.0840872395296061,0.4006289430370102,0.3183874004871683,0.17896232906495854,0.01793408788125679
SRR6299918,fold_2,0.021279475831695458,0.08020397867639549,0.22088374809862038,0.6624233931060638,0.015209404287224799
SRR6299926,fold_2,0.0586642852508246,0.1534724304569416,0.24256128374065897,0.5182112844133789,0.02709071613819564
SRR6299929,fold_2,0.025268264589920163,0.08956729488752194,0.2214049182583736,0.6353984559756335,0.028361066288550497
SRR6299939,fold_2,0.03459144509983556,0.12020714248435976,0.2613440584609027,0.5546983608659612,0.029158993088940807
SRR6299958,fold_2,0.05745300925887261,0.23815523966286514,0.31765249149436076,0.356202184879672,0.0305370747042293
SRR6299972,fold_2,0.05218961278739449,0.1743858334420372,0.25026673716063264,0.5064400030995885,0.016717813510346628
SRR6300005,fold_2,0.049600206615240096,0.19333216484790444,0.2677671230457032,0.4600801376539185,0.02922036783723388
SRR6300016,fold_2,0.08593666593726411,0.38232913430723653,0.27232485876151785,0.23710603445781472,0.022303306536166443
SRR6300030,fold_2,0.06982539982950851,0.22249607634194218,0.26478287907376397,0.40934301097560083,0.03355263377918392
SRR6300032,fold_2,0.04444392936746082,0.12504974911925348,0.24637899898397736,0.5617605811583545,0.022366741370953493
SRR6300037,fold_2,0.10307449750908924,0.28861138368424155,0.31410616613913495,0.2649797240108561,0.029228228656678283
SRR6300056,fold_2,0.03745954579684153,0.14035055387880324,0.2634690095234295,0.536839766840302,0.02188112396062369
SRR6300090,fold_2,0.04574595077707433,0.19196545233995957,0.25905402876359457,0.475687252913838,0.0275473152055338
SRR6300094,fold_2,0.03024337983400047,0.10078294768834886,0.23860889315291176,0.6080454311197848,0.022319348204954556
SRR6300098,fold_2,0.07547956428779987,0.20804233657431317,0.2697420242740163,0.41353967375022405,0.03319640111364673
SRR6300107,fold_2,0.02516833134722725,0.09401420456744009,0.21700911587022936,0.6455124860087044,0.018295862206398544
SRR6300126,fold_2,0.041782273503744735,0.1747309505170781,0.25308759730913355,0.5050430830484096,0.02535609562163409
SRR6300128,fold_2,0.020955196595083787,0.09693422715303812,0.22917975295847257,0.6380575826688821,0.01487324062452344
SRR6300136,fold_2,0.05926266759156623,0.18802846771095727,0.26889168290366716,0.46288750052256805,0.020929681271241143
SRR8534039,fold_2,0.07211030089106331,0.2975963312613017,0.260831643495274,0.17169770627384248,0.19776401807851862
SRR8534043,fold_2,0.06314981946734768,0.18953447395446227,0.3525677560763771,0.1680443328455038,0.22670361765630984
SRR8534065,fold_2,0.09754649271259147,0.185802863499917,0.3708446804052368,0.15632462446367923,0.18948133891857546
SRR8534087,fold_2,0.07843465150739096,0.17619565378363536,0.396662718259645,0.14546877645849665,0.2032381999908323
SRR8534090,fold_2,0.11258528536231807,0.17164684154134208,0.34355766907660235,0.17076037508993358,0.20144982892980423
SRR8534124,fold_2,0.061087752624122506,0.13512241897693375,0.28045721566154497,0.3520439617287332,0.17128865100866525
SRR8534172,fold_2,0.07666081109544322,0.17630056616896594,0.2739636350424926,0.28233769924864965,0.19073728844444826
SRR8534207,fold_2,0.07347485400385405,0.1864193327380953,0.3947001641906725,0.20095672297404077,0.1444489260933376
SRR8534210,fold_2,0.059943355850849485,0.2513249626916775,0.3763743853241008,0.14332710727952463,0.16903018885384793
SRR8534221,fold_2,0.06907110810215816,0.1347942229503232,0.31757944768456253,0.2578880943974571,0.22066712686549927
SRR8534229,fold_2,0.05022598455712988,0.11269542738127786,0.25297254096550387,0.4291505406612343,0.15495550643485456
SRR9160239,fold_2,0.05522815231422424,0.23498391390354179,0.1786352185106602,0.050563824154076516,0.48058889111749686
SRR9160242,fold_2,0.006783648612249605,0.060484648975233396,0.08916789172725664,0.008635056715539649,0.8349287539697212
SRR9160245,fold_2,0.020805252149741178,0.09173175048414973,0.1250321725521537,0.016673383926351742,0.7457574408876041
SRR9160247,fold_2,0.04381813517188697,0.11093387529753757,0.15472439192727655,0.03551229736251413,0.6550113002407845
SRR9160250,fold_2,0.040777467086165455,0.061683500101794554,0.15900505744379342,0.025160487228946808,0.7133734881392997
SRR9160269,fold_2,0.03757243060536647,0.08830033050366332,0.16655871669351477,0.036310655463148024,0.6712578667343078
SRR9160278,fold_2,0.025260021983511703,0.061681045290949164,0.14403012171828705,0.04373332439664604,0.725295486610606
SRR9160279,fold_2,0.07242122220899287,0.0980267532975729,0.1906550874260884,0.10198246789273087,0.536914469174615
SRR9160288,fold_2,0.02026563576693441,0.07597399047136709,0.15708194432698236,0.036933924436462755,0.709744504998254
SRR9160294,fold_2,0.06424762673252901,0.23501051066042483,0.2129253134493781,0.08230603418380164,0.4055105149738664
SRR9160304,fold_2,0.027760791351031294,0.054620144701892345,0.1406561347813033,0.0342203709105294,0.7427425582552436
SRR9160321,fold_2,0.06807530274617883,0.10755876387210273,0.16416064904765065,0.04096385196856334,0.6192414323655047
SRR9160323,fold_2,0.026949288533298504,0.08852400349043753,0.12478886435699872,0.02514897452355873,0.7345888690957072
SRR9160333,fold_2,0.02036488560903099,0.08038200881980871,0.0831076024462945,0.016324356904132458,0.7998211462207327
SRR9160337,fold_2,0.06332104397485801,0.07391445319065001,0.17438631248874062,0.04813835206335842,0.6402398382823926
SRR9160341,fold_2,0.057812456749963416,0.059203888884699414,0.16413643453039503,0.07141708688450978,0.6474301329504324
SRR9160346,fold_2,0.023359314234207434,0.05432668569953015,0.12290836862457188,0.02319564768080086,0.7762099837608902
SRR9160350,fold_2,0.037336714893344114,0.10156307465434938,0.1772049583872169,0.15656997557987912,0.5273252764852107
SRR9160352,fold_2,0.06769888679678056,0.09033869398286416,0.2110740382036327,0.0804992277424304,0.5503891532742926
SRR9160353,fold_2,0.03534021929710897,0.07285788247528689,0.17436590801339144,0.053456072637042766,0.6639799175771705
SRR9160354,fold_2,0.06138831581589237,0.16263100646648077,0.21480546631079167,0.16745437805844088,0.3937208333483944
SRR9160356,fold_2,0.06623548017019065,0.12065367107949256,0.2270464353257022,0.06819321233951005,0.5178712010851043
SRR9160359,fold_2,0.05995686042719015,0.06101012654487374,0.19363937677249754,0.06422685268047532,0.6211667835749632
ERR1368879,fold_3,0.022119616633696892,0.0708801765059896,0.28194114169268464,0.611225989406062,0.013833075761566836
ERR1368882,fold_3,0.017802650998338776,0.10227777761500789,0.3440035257182816,0.5264004622164083,0.009515583451962895
ERR1368886,fold_3,0.011149438294529098,0.059507966416224106,0.2838181633486586,0.6374483783846137,0.008076053555974497
ERR1368889,fold_3,0.03241114832582857,0.08858134789589125,0.3246584938200712,0.535863363603374,0.01848564635483426
ERR1368898,fold_3,0.014777237575250428,0.0502839029760347,0.27856927872771275,0.6474099550848452,0.008959625636157431
ERR1368901,fold_3,0.026406764690602637,0.08540232335840181,0.3791473021798396,0.5005937918205001,0.008449817950655563
ERR1368918,fold_3,0.024246426407709513,0.05820636626531014,0.2587316754808455,0.649824870512842,0.008990661333292635
ERR1368920,fold_3,0.016856014484603846,0.08949447299325375,0.34390008045206516,0.5415840144711235,0.008165417598953756
ERR1368922,fold_3,0.021330548474012903,0.09949431387156579,0.38356326839336613,0.48552131299112716,0.010090556269927768
ERR1368935,fold_3,0.017903675173133498,0.057595729305398975,0.2742539092070203,0.6428250250269987,0.007421661287449152
ERR1368944,fold_3,0.02005753471776852,0.08005942893858446,0.3040092685935723,0.5900122265104192,0.005861541239655071
ERR1368951,fold_3,0.022433153392904415,0.06220222544451702,0.31625417804363537,0.5911207211422005,0.007989721976742643
ERR1368952,fold_3,0.014675878969149032,0.0576791441062884,0.2670344107900528,0.6507420599953881,0.009868506139121746
ERR1368958,fold_3,0.013710354278399142,0.05749253655101472,0.27387094902598635,0.6477892406705483,0.007136919474051706
ERR1368966,fold_3,0.011848402528582231,0.0601066114385414,0.23710958540664537,0.6804319397779508,0.010503460848280277
ERR1368972,fold_3,0.02416801872880323,0.087541295965955,0.41294874799491094,0.469493014731902,0.0058489225784284634
ERR1368979,fold_3,0.015625781887884323,0.05935970741597603,0.25472411686403135,0.6618977174871876,0.00839267634492062
ERR1368981,fold_3,0.021805882027599678,0.0819025715566058,0.328618733609748,0.5603960103481601,0.007276802457885909
ERR1368990,fold_3,0.023731044223136665,0.06211026672286697,0.3400768797983186,0.5665727090888771,0.007509100166800745
ERR1368992,fold_3,0.014533890105511097,0.0691794292374452,0.24538151119396942,0.6586675771897965,0.012237592273277507
ERR1369001,fold_3,0.01555148651209569,0.05895711355782664,0.23273756418415442,0.6796174989726521,0.013136336773271402
ERR1369005,fold_3,0.016660679640522008,0.051103198479532146,0.23285031847045773,0.6882828380940447,0.011102965315444267
ERR1369008,fold_3,0.013792363465795744,0.058133564577634224,0.23971641348914674,0.6808546887275319,0.007502969739891571
ERR1369013,fold_3,0.015846792676002176,0.0744378753512094,0.44680282761932105,0.4566577995042216,0.006254704849245705
ERR1369018,fold_3,0.014123222487381078,0.05976961435414126,0.2366700712988098,0.6808470073795175,0.008590084480150919
ERR1369022,fold_3,0.013139696460101054,0.057350237015884965,0.2295836856611149,0.6916909497721866,0.008235431090713126
ERR1369031,fold_3,0.025918718587213507,0.07137271214847343,0.28323928165358875,0.6133810420395895,0.006088245571134784
ERR1369034,fold_3,0.011718977139104204,0.05461045709988628,0.23323797152013867,0.6929198717606044,0.007512722480267029
ERR1369036,fold_3,0.014858308131087133,0.07203010561339325,0.33437133506741734,0.5699275424289084,0.008812708759193665
ERR1369037,fold_3,0.02188323230435592,0.08012669617741375,0.28588531747303725,0.5982945298874275,0.013810224157765439
ERR1369046,fold_3,0.014699633440571477,0.06128151034911003,0.31724044679835134,0.5978781453151703,0.00890026409679644
ERR1369051,fold_3,0.017183740316626922,0.053469665147136775,0.2462025394027827,0.667665178727194,0.015478876406260422
ERR1369054,fold_3,0.016095673658177385,0.055807654574161134,0.2609760408317034,0.659632349018321,0.007488281917637697
ERR1369058,fold_3,0.012180981861606483,0.06013318760101457,0.25707408916029145,0.6637570777387466,0.006854663638341522
ERR1369069,fold_3,0.015774592169431865,0.06259513985985315,0.23253365954263663,0.6793966671352951,0.00969994129278371
ERR1369080,fold_3,0.014244742456698696,0.06806812766907597,0.3818410202889067,0.5283201848149628,0.0075259247703557694
ERR1369085,fold_3,0.013708169813932202,0.05919095767622194,0.24026896420031735,0.6778175894595277,0.009014318850001129
ERR1369087,fold_3,0.01283180211386152,0.06002891561985202,0.24302362127409127,0.6748824734092839,0.009233187582911846
ERR1369089,fold_3,0.01554692259183787,0.05963957121264246,0.24382807597320086,0.6718780745000801,0.009107355722239276
ERR1369096,fold_3,0.03265821585156773,0.07373220123663554,0.30158689621190243,0.5822722539205902,0.009750432779303807
ERR1369097,fold_3,0.018534417622349246,0.05490729286096831,0.35061749973936857,0.5695216447423866,0.006419145034927452
ERR1369099,fold_3,0.016280010362721076,0.07300367103439544,0.3151817711229836,0.5878777666249828,0.007656780854916763
ERR1369100,fold_3,0.021969927575070238,0.07974431712749463,0.3850187994052268,0.5074146249601633,0.005852330932045043
ERR1369101,fold_3,0.021018957367499518,0.07388832386305501,0.3568021509961292,0.5414872748621599,0.00680329291115615
ERR1369103,fold_3,0.036363381480505885,0.06398928072570353,0.2354889437181287,0.6419753553144437,0.02218303876121805
ERR1369105,fold_3,0.016848890573383752,0.061369363322768246,0.2768136449294121,0.6341544596212946,0.010813641553141472
ERR1369133,fold_3,0.034145286224132654,0.07550335340021545,0.3013876663240991,0.5753597211847621,0.013603972866789818
ERR1369137,fold_3,0.015834208020899812,0.057946303611757545,0.2887005948994226,0.6297019277638106,0.007816965704110019
ERR1369143,fold_3,0.012931613700621543,0.05942091951711204,0.23274718156593852,0.686185094564855,0.008715190651473585
ERR1369144,fold_3,0.023153598988854864,0.06192336558209523,0.25985361515155325,0.6434689086985638,0.011600511578932712
ERR1369146,fold_3,0.0191628520612698,0.07702466539490903,0.2505943027971083,0.6386931078844309,0.014525071862281901
ERR1369150,fold_3,0.022788490830140208,0.054130834608063554,0.3532566899720397,0.5590780760336872,0.010745908556069108
ERR1369157,fold_3,0.015490970186230666,0.05597317491940187,0.2431800473452102,0.6726251591585143,0.012730648390643157
ERR1369163,fold_3,0.016054071923970965,0.07751454085874268,0.2972831483547397,0.6008767074599658,0.008271531402580686
ERR1369198,fold_3,0.012898775986956717,0.06143673515120541,0.2690177769348742,0.647859136345438,0.008787575581526019
ERR1369208,fold_3,0.015186593714291728,0.06846644139852856,0.260122648669942,0.6444014865350399,0.011822829682197963
ERR1369240,fold_3,0.014963156846654488,0.057792515405628075,0.2690842257970723,0.6487470771067372,0.009413024843907958
ERR1369278,fold_3,0.018243064844271618,0.0673071196653108,0.3041022368859442,0.6001317961474383,0.010215782457034686
ERR1369280,fold_3,0.013119273235719951,0.05913080131696541,0.2553957870173007,0.6633190439784804,0.009035094451534158
ERR1369321,fold_3,0.01436815998358819,0.05025972061737903,0.4098848835599011,0.5196859729207197,0.005801262918411613
ERR1369331,fold_3,0.013645040391306911,0.05361371751391815,0.41451414001255604,0.5104000784989033,0.007827023583315478
ERR1369340,fold_3,0.021494589820040908,0.0693122722679632,0.2495122025153711,0.6420816773427379,0.017599258053887113
ERR1369346,fold_3,0.01866075773117713,0.06863759095001037,0.2895118307079107,0.6129106603608403,0.010279160250061663
ERR1369369,fold_3,0.016064848657873804,0.06422057607067641,0.2583164895188888,0.6491603167136668,0.012237769038894317
ERR1369377,fold_3,0.012947644800579697,0.06123229004492189,0.42492988757917194,0.4922299397633287,0.008660237811997193
ERR1369394,fold_3,0.025082262699657153,0.06932042969422776,0.4640003386992393,0.4361357006964754,0.005461268210399568
ERR1369419,fold_3,0.01752642777575764,0.08160109371711571,0.46872165002293614,0.41764930554582014,0.014501522938370091
ERR1369435,fold_3,0.012652101897648925,0.052548384458552186,0.3517126040644109,0.5764669632933672,0.006619946286020238
ERR1369436,fold_3,0.015719863831375233,0.05266212144706141,0.4614043764310683,0.46008781769380896,0.010125820596685778
ERR1369458,fold_3,0.013240442846706382,0.07768316019172426,0.40381174888640275,0.4988778717230954,0.0063867763520706845
ERR1369461,fold_3,0.02141861033193796,0.06885022041507732,0.4707206182866869,0.42708684993888096,0.011923701027416795
ERR1369494,fold_3,0.016604571004692373,0.06079961031104053,0.3835227528689573,0.5293905727069004,0.009682493108409353
ERR1369527,fold_3,0.012999345354510297,0.07264403776464859,0.3101776840378187,0.5944618668947647,0.009717065948257702
ERR1369530,fold_3,0.01348570167962128,0.07275686586624774,0.4716241157330517,0.43414666194315993,0.0079866547779192
ERR1369556,fold_3,0.013426751878105726,0.05231549073862169,0.46740733425692194,0.4575355022370345,0.009314920889315736
ERR1369558,fold_3,0.01804232954352181,0.0749653438555671,0.47396327499910756,0.4256748328653567,0.007354218736446444
ERR1369565,fold_3,0.015630007250010555,0.07286838664542684,0.47684816719078615,0.42580619020854965,0.008847248705226504
ERR1369588,fold_3,0.012767631392894472,0.06732920390282027,0.4650427164495904,0.44443066406104936,0.010429784193644985
ERR1369600,fold_3,0.01352740241793209,0.061580639035937516,0.25084002084377216,0.6636279406372703,0.01042399706508821
ERR1369638,fold_3,0.02645086090229772,0.07430878087142678,0.4526100741762584,0.4383509427529701,0.008279341297046468
ERR1369648,fold_3,0.016163101685340877,0.08837282723544622,0.37625713327578486,0.5126869122606083,0.006520025542819617
ERR1369649,fold_3,0.01360386870710929,0.06239315464203074,0.266167065837264,0.649921731358352,0.007914179455244134
ERR1369653,fold_3,0.013541231610143232,0.06001123874304225,0.26047180031512784,0.6576580696675788,0.008317659664108001
ERR1369657,fold_3,0.014657163472654776,0.061294610159093814,0.2837386587652265,0.6305262350108469,0.009783332592177856
ERR1369661,fold_3,0.012553087948568204,0.07147659875703338,0.2716859763015246,0.6351530827770718,0.009131254215801899
ERR1369666,fold_3,0.023258605875206072,0.11991764842138226,0.4950038117016117,0.35489819172974957,0.006921742272050015
ERR1369679,fold_3,0.011183150520657673,0.07894104543223444,0.34574488599910924,0.5538330325820817,0.010297885465916349
ERR1369690,fold_3,0.023020758152961722,0.11888968581368078,0.3149737235483027,0.5243745488161032,0.018741283668951027
ERR1369727,fold_3,0.013790464022933236,0.06563510208983603,0.24690581153064858,0.6636696394928052,0.009998982863777218
ERR1369735,fold_3,0.01282431378420027,0.07123355631334816,0.35488438291570923,0.5535905303889505,0.007467216597791446
ERR1369780,fold_3,0.012904547531161914,0.06039688997108928,0.24443425012193745,0.6733987486973859,0.008865563678425952
ERR1369813,fold_3,0.01661264748062405,0.058181250489069504,0.3360876567510931,0.5752730181346025,0.013845427144610381
ERR1369817,fold_3,0.01575159709327044,0.06525529532322957,0.5149870034385413,0.39719154607494706,0.006814558070011216
ERR1369863,fold_3,0.012628115569897303,0.052765046816851555,0.37696907488143505,0.5513509176678725,0.0062868450639428156
ERR1369865,fold_3,0.011017096464960173,0.05597328729366436,0.3647373041964646,0.5606366099989013,0.007635702046009714
ERR1369896,fold_3,0.012489624110414689,0.056176791137902665,0.45381650980141386,0.470682840484539,0.006834234465729304
ERR1369910,fold_3,0.04054460161688473,0.09545533279908133,0.4771395683481703,0.37797337591524865,0.00888712132061456
ERR1369944,fold_3,0.015197935990147548,0.06558803142856941,0.3470824509931485,0.5631975122612524,0.008934069326882118
ERR1369954,fold_3,0.021395026586121052,0.06385743673595519,0.44208144681565803,0.465124932009898,0.007541157852366861
ERR1369958,fold_3,0.018267218210488316,0.05613255265868976,0.3984770105283297,0.5177192748625042,0.009403943739987892
ERR1369981,fold_3,0.01323726931789316,0.06218633239846737,0.24838112469922788,0.6677600206360724,0.008435252948339366
ERR1369983,fold_3,0.0131388997188443,0.062404832689784494,0.2596369379591415,0.6563281809918867,0.008491148640343131
ERR1369988,fold_3,0.020202271071080757,0.07259356999970526,0.5132019132687278,0.3879973982935321,0.006004847366953326
ERR1370009,fold_3,0.011592311003901692,0.0627982082494173,0.303395167384951,0.6143404907309635,0.00787382263076627
ERR1370019,fold_3,0.010025297739873498,0.05520698989310065,0.43793694839053754,0.48855617083016584,0.008274593146321407
ERR1370029,fold_3,0.022446268135886172,0.07376707973798488,0.39150811141003694,0.5042510475432829,0.008027493172808549
ERR1370037,fold_3,0.019539069457021767,0.0625973028666266,0.45167192294412206,0.45848259326009366,0.007709111472135459
ERR1370040,fold_3,0.015274250311562142,0.059866061509047,0.4835020289145944,0.43439928898092983,0.006958370283866503
ERR1370042,fold_3,0.01710991643089539,0.06566408086825905,0.26454818728302054,0.6391492691392554,0.013528546278569755
ERR1370043,fold_3,0.0176042243679066,0.0671907851389351,0.41950563584435163,0.48846258565747197,0.007236768991334234
ERR1370066,fold_3,0.0185215112888982,0.05499119385460662,0.4887895417345557,0.42923619352310516,0.008461559598833943
ERR1370086,fold_3,0.015105416037756579,0.06046961923969042,0.24944063692455015,0.6667141572406512,0.008270170557352264
ERR1370102,fold_3,0.011578951928265866,0.06584631149168027,0.41706038404891604,0.4899976242091094,0.015516728322027825
ERR1370187,fold_3,0.012318698149466635,0.05607523453028723,0.41487388213714554,0.5109161748515622,0.005816010331538258
ERR1370256,fold_3,0.02119178360053852,0.09539130620790982,0.33559274699367775,0.5367230256317501,0.011101137566123848
ERR1370273,fold_3,0.013432002968391138,0.06424811366355693,0.28567994663659096,0.6274370779363824,0.009202858795078988
ERR1370275,fold_3,0.01998367962315705,0.0557187021717417,0.4430743894964394,0.4737824775463657,0.007440751162296079
ERR1370310,fold_3,0.018418441410828438,0.06705488015580215,0.3962617609160932,0.5063007323532137,0.011964185164061787
ERR1370321,fold_3,0.01977885967189235,0.055812790935867065,0.41129179246685815,0.5068273865665088,0.006289170358873233
ERR1370338,fold_3,0.024726868823673545,0.07345965448207158,0.3752807974694219,0.5097780600573815,0.01675461916745122
ERR1370351,fold_3,0.016326191533898447,0.07414856583656086,0.3440532996444785,0.5558146920664324,0.009657250918628877
ERR1370354,fold_3,0.018854885767863757,0.06614297515889192,0.4278447512727895,0.481517565739018,0.005639822061436742
ERR1370361,fold_3,0.02083863755734208,0.07065656869732143,0.4233441496716284,0.47684496477628974,0.008315679297417826
ERR1370370,fold_3,0.019519776726771205,0.06349484845068545,0.3265914509450323,0.5775448400736692,0.01284908380384147
ERR1370373,fold_3,0.02247145854875753,0.08837809560278297,0.44427568397225714,0.4361056848203503,0.008769077055851487
ERR1370380,fold_3,0.011958754997493536,0.05635056901466431,0.23857321464908413,0.6849671631724281,0.008150298166330242
ERR1370390,fold_3,0.02364171687040638,0.06419871763366598,0.24869323032472254,0.6516723373261336,0.01179399784507167
ERR1370417,fold_3,0.02722433834424174,0.08251332263811281,0.26603093108091,0.607938187088414,0.016293220848321435
ERR1370425,fold_3,0.012501919048628424,0.056674948808137816,0.23234724466451842,0.6906387647550885,0.007837122723627452
ERR1370430,fold_3,0.027719325650786754,0.08626201869227244,0.3919570929775687,0.4877625224048735,0.006299040274498244
ERR1370434,fold_3,0.013893032017349089,0.07699572125788316,0.2423730519739602,0.6554702695749677,0.011267925175840134
ERR1370463,fold_3,0.013778378294752081,0.06100758532944881,0.2437946509014787,0.6731323479229866,0.008287037551334333
ERR1370467,fold_3,0.01823731017889169,0.06602006097957384,0.29006640176219,0.6117959374734706,0.0138802896058734
ERR1370478,fold_3,0.021649481732958983,0.06255254198751076,0.2613296277053728,0.6434868276805786,0.010981520893579259
ERR1370483,fold_3,0.023487823888144327,0.09458112487641172,0.3788328125292889,0.49569444423259384,0.0074037944735612414
ERR1370504,fold_3,0.012714439669668032,0.06761267137408598,0.23385527816349955,0.6748241029719052,0.01099350782084173
ERR1370524,fold_3,0.018034600901275552,0.06634291443420648,0.38537436987699764,0.52214631119266,0.00810180359485981
ERR1370529,fold_3,0.026637491019988774,0.06925985847197105,0.2415843986062584,0.646885192175731,0.01563305972605097
ERR1370532,fold_3,0.01940565330613648,0.05309404168608138,0.24008274039868246,0.6725774381682923,0.014840126440808074
ERR2172373,fold_3,0.01566676040470541,0.05701493672293162,0.4672470057740515,0.452880859215786,0.007190437882525627
ERR2172375,fold_3,0.014486700176429,0.057289509617119205,0.4759984226513804,0.44544098264751847,0.006784384907552952
ERR2172378,fold_3,0.017814952925016513,0.06328549448994748,0.4410441745439874,0.4682587873363037,0.009596590704744962
ERR2172397,fold_3,0.01668531879471555,0.06341836981632389,0.3611448974436973,0.5511193352634289,0.007632078681833944
ERR2172414,fold_3,0.013220915603107595,0.05102377166161156,0.417783485605077,0.5125596336968743,0.005412193433329448
ERR2172434,fold_3,0.015902484932448814,0.05339069487752698,0.46587617050581887,0.458926116438967,0.005904533245237771
ERR2172447,fold_3,0.01446506810365787,0.0563592494129178,0.45345812342682934,0.4700515630729869,0.00566599598360747
ERR2172449,fold_3,0.01718221401839847,0.057088196340011506,0.4269095232331097,0.49207603292190977,0.006744033486570014
ERR2172450,fold_3,0.015778337897967586,0.06637195533492089,0.2771534080698863,0.6311861974585995,0.009510101238625713
ERR2172452,fold_3,0.01246772940274612,0.056764863168850634,0.4102153216031586,0.5153338196427939,0.005218266182450475
ERR2172456,fold_3,0.015901293289867852,0.057471023263762314,0.3694488219841341,0.5516879892356066,0.005490872226629003
ERR2172457,fold_3,0.014520244179437857,0.05814140037762869,0.4172856200327055,0.5031508240368043,0.006901911373423436
ERR2172460,fold_3,0.014848999594515355,0.06043226735475205,0.4321147896939319,0.48738711750652475,0.005216825850275468
ERR2172472,fold_3,0.010516596712634623,0.05202845112359181,0.358163362039107,0.5736808820057377,0.005610708118928983
ERR2172483,fold_3,0.013252535927567866,0.06201350141886107,0.2820948043404213,0.6348771219357707,0.007762036377379389
ERR2172508,fold_3,0.012185263551004645,0.056440522846115865,0.520146421812323,0.4060015948079508,0.005226196982605807
ERR2172526,fold_3,0.01774155218221671,0.06001269000817277,0.5170767607026014,0.3984397468278264,0.006729250279182523
ERR2172529,fold_3,0.014245967366782136,0.058139876712915116,0.5224704224144928,0.400340443265203,0.004803290240606598
ERR2172534,fold_3,0.012637744533088628,0.05323185454943435,0.5475611736105694,0.38212775694771284,0.004441470359194572
ERR2172537,fold_3,0.01393300361522482,0.06273900582182575,0.5401396557965671,0.3779932459081048,0.005195088858277345
ERR2172543,fold_3,0.011481595019423838,0.05244295709058679,0.5481212254715967,0.3836898301837719,0.004264392234620456
ERR2172544,fold_3,0.012480336639424508,0.06303991346039026,0.5248087808303368,0.3942361380648577,0.005434831004990624
ERR2172564,fold_3,0.010915814142475617,0.055082519387559765,0.2981342392245106,0.6290258093201314,0.006841617925322526
ERR2172589,fold_3,0.012608935099086165,0.06168633425739848,0.3278392981283971,0.5894294798977557,0.008435952617362399
ERR2172601,fold_3,0.012691362860330258,0.06320962970464067,0.340794485577302,0.5772692367623541,0.0060352850953730875
ERR2172613,fold_3,0.018991904811709336,0.060767392637169626,0.33453086981190183,0.5780826542374456,0.007627178501773514
ERR2172730,fold_3,0.01138766592569064,0.07101706250237141,0.4949237714142292,0.4175042837001735,0.0051672164575350685
ERR2172744,fold_3,0.016905872874293466,0.08646710703434565,0.47671273245887513,0.41359948123577617,0.006314806396709414
ERR2172776,fold_3,0.014773559397740037,0.05637295676839392,0.26099745300449617,0.660172911292591,0.007683119536779032
ERR2172779,fold_3,0.014183583728903194,0.06392856576613752,0.27072814909332915,0.6437435334981815,0.007416167913449169
ERR2172782,fold_3,0.014086726086429248,0.0757264043632071,0.26616389037180505,0.6322757681875606,0.011747210990998019
ERR2172786,fold_3,0.01276432044057204,0.056269140325501614,0.25995362664931276,0.6628296021335639,0.008183310451050205
ERR2172800,fold_3,0.013111874798286453,0.05843914798840379,0.2726730572735119,0.648177871515627,0.00759804842417113
ERR2172801,fold_3,0.012236249326252554,0.057366453956274294,0.26846620215344463,0.6538594017742931,0.008071692789735749
ERR2172816,fold_3,0.016889129038780558,0.07264929188392034,0.306796138805994,0.595929757954918,0.007735682316387602
ERR2172894,fold_3,0.014843896148102532,0.06891193165811885,0.3034258278033843,0.6040503603466331,0.008767984043762108
ERR2172919,fold_3,0.019432668837578472,0.07886189083102361,0.33205895502169824,0.5618529181242982,0.007793567185401275
ERR2172927,fold_3,0.021028432745619097,0.08419210708907011,0.30213195636160156,0.5834963278737965,0.009151175929912447
ERR2172941,fold_3,0.015695333422215678,0.05972840607253082,0.24643316180607766,0.6694763462957652,0.008666752403410711
ERR2173007,fold_3,0.010572687428794438,0.06658802260243936,0.3173354518084974,0.5979344676377675,0.007569370522500402
ERR2173012,fold_3,0.02651414858503741,0.08412289636532404,0.2909111477308064,0.5869273230627791,0.011524484256052996
ERR2173016,fold_3,0.01664370956251498,0.08063759070658301,0.3608051895742133,0.5342416235626778,0.007671886594010963
ERR2173034,fold_3,0.03065614718138346,0.0869540002054942,0.29590032876713657,0.5779443709996507,0.008545152846334975
ERR2173038,fold_3,0.015886549844965375,0.06500393211270747,0.30834915963104736,0.6024914962145961,0.008268862196683914
ERR2173039,fold_3,0.016347746372870307,0.05924075014793465,0.36978181281062517,0.5458517949309689,0.008777895737600783
ERR2173041,fold_3,0.012029561168226078,0.06778899589000123,0.32447592244231477,0.5879769306796332,0.007728589819824633
ERR2173049,fold_3,0.019760989077546143,0.05770685929571235,0.33736047033524097,0.5779481611697217,0.007223520121778712
ERR2173070,fold_3,0.012545906249108486,0.058819471980147364,0.23300812806135265,0.6873745589056873,0.008251934803704805
ERR2173077,fold_3,0.014819630363619236,0.061702370565718055,0.2404544191242707,0.6741050976064175,0.00891848233997504
ERR2173080,fold_3,0.015065652921497447,0.061842169192124374,0.2414532182221956,0.6729050698507189,0.008733889813464185
ERR2173181,fold_3,0.03494178121066365,0.08038475967138793,0.2776546442446032,0.5958428088635448,0.011176006009800175
ERR2173187,fold_3,0.017633424991431758,0.06245599405639024,0.2671707472640053,0.6439094164958058,0.008830417192366845
ERR2173189,fold_3,0.017771621011625795,0.05909782107512702,0.264713506515221,0.6500942874374085,0.008322763960617308
ERR2173191,fold_3,0.016899354549675828,0.05945370163191145,0.2696211076152747,0.645189335539245,0.00883650066389263
ERR2173193,fold_3,0.017004855357761944,0.06507768314938606,0.26691116407846216,0.6422100307070565,0.008796266707333276
ERR2173204,fold_3,0.016010146572179612,0.06702751890316531,0.2528890544992005,0.6530016375896796,0.011071642435774895
ERR2173213,fold_3,0.013976464381162079,0.06129077769485165,0.2537576714466604,0.6621643912808751,0.008810695196450873
ERR475468,fold_3,0.1481810572106256,0.4605157095371338,0.3163666660533042,0.03457642005142858,0.040360147147507935
ERR475504,fold_3,0.11250445149366696,0.5486785394625628,0.2623194520061467,0.04199217816578461,0.03450537887183919
ERR475517,fold_3,0.18929891739426907,0.3113593938619448,0.3012984653514712,0.12458187557851728,0.07346134781379758
ERR475571,fold_3,0.15185164335699414,0.40750514353731015,0.2905752547258399,0.10782878692825655,0.04223917145159956
ERR475575,fold_3,0.14356078625660104,0.3876319111912586,0.34647921673499343,0.06681045817644922,0.055517627640697356
ERR475576,fold_3,0.09780241379359114,0.5184781110302127,0.22424743390502894,0.12758711265455516,0.03188492861661242
ERR5009562,fold_3,0.014246701780002495,0.05088303187267339,0.25492483939169597,0.672398880140084,0.007546546815544155
ERR5009563,fold_3,0.013921838611058057,0.05313138702286627,0.26084296462337775,0.6643452576400221,0.00775855210267589
ERR5009571,fold_3,0.021074458417453718,0.0935471922584616,0.34476814112837584,0.5334564804073371,0.007153727788371292
ERR5009575,fold_3,0.012046049234718758,0.058044263317500865,0.23854026770787062,0.6832373995836962,0.008132020156214035
ERR5009577,fold_3,0.015147444570030267,0.07052281268510369,0.25513552799897693,0.6464684717112176,0.012725743034671607
ERR5009582,fold_3,0.012533766943035981,0.058991729864823046,0.2621285019807433,0.6578660523673033,0.008479948844094694
ERR5009585,fold_3,0.015524337394505526,0.07231516715052631,0.3238709819466998,0.5805201891364542,0.0077693243718134995
ERR5009590,fold_3,0.01633926188426067,0.06950468007436449,0.26051363089941365,0.6433254556066229,0.010316971535338467
ERR5009608,fold_3,0.009784820748356229,0.06533635383739236,0.31233143479941616,0.605026071040722,0.007521319574113503
ERR5009648,fold_3,0.021175625280489867,0.07953496309903225,0.39213307678247844,0.49746955578269847,0.009686779055300673
ERR5009659,fold_3,0.028376925212883788,0.061322691754039184,0.25619644003346864,0.6441108411177745,0.009993101881833909
ERR5009699,fold_3,0.027040325370333983,0.07741518059095068,0.38343793356206013,0.5017995833618157,0.010306977114839109
ERR5009708,fold_3,0.01619271594525241,0.06240900694074987,0.24270219499265272,0.6711609715556491,0.007535110565696221
ERR5009715,fold_3,0.019256389292246105,0.06373765708827782,0.25452691406008987,0.6503213746019643,0.012157664957422078
ERR5009720,fold_3,0.017683764221059772,0.05716341013859158,0.27696339067572273,0.6398374625650318,0.008351972399593907
ERR674098,fold_3,0.130613530856712,0.4506754096828802,0.24954500166995403,0.14567847801311418,0.02348757977734006
ERR674102,fold_3,0.10126670504305897,0.5656599892539272,0.2401881953728079,0.0742578715129236,0.018627238817282874
ERR674107,fold_3,0.10144365284247908,0.41624992669862004,0.24780460198581786,0.208961445200413,0.025540373272670915
ERR674116,fold_3,0.11111532886188871,0.49822315533760325,0.2701881324711046,0.08573460392843464,0.03473877940096879
ERR674123,fold_3,0.08297932725063431,0.44120387901125285,0.26258749693098216,0.1807439242383816,0.032485372568748554
ERR674124,fold_3,0.0875340308282268,0.4968803740855869,0.2552478397535808,0.11852733818710966,0.041810417145496076
ERR674130,fold_3,0.0671504596479778,0.32448220529422334,0.27874686567632034,0.30077525326167176,0.028845216119806717
ERR674135,fold_3,0.11655334645524544,0.547549745148801,0.21435539083063793,0.09710902365227668,0.024432493913039553
ERR674141,fold_3,0.10174133209449795,0.4458269496748893,0.27796801375405344,0.14296041100620388,0.03150329347035549
SRR10305333,fold_3,0.022862670418652697,0.07542278445454798,0.2574225622819992,0.6268173224659734,0.017474660378826477
SRR10305383,fold_3,0.05869276066926358,0.20317021959277257,0.24112726999478984,0.058739656748485414,0.4382700929946892
SRR10305389,fold_3,0.039644105205206,0.14927483565344632,0.19627846950874925,0.0369809546274815,0.5778216350051175
SRR10305391,fold_3,0.06253114003123834,0.20138948519658278,0.2696888324743316,0.11977009674356558,0.3466204455542823
SRR10305407,fold_3,0.06353953547467656,0.15557762648330692,0.18489866515081058,0.044288585837301046,0.5516955870539054
SRR10305410,fold_3,0.06910123723837701,0.2018216729901277,0.23788694461153706,0.0611827993583112,0.4300073458016471
SRR10305415,fold_3,0.04008453945878512,0.20186011645618118,0.23034639019260233,0.0761717680896535,0.451537185802778
SRR10305416,fold_3,0.07138318008652478,0.17493073976142337,0.26212637563513097,0.2668049104903593,0.22475479402656165
SRR10305422,fold_3,0.043607351533401305,0.11756851570750224,0.22490346134282,0.08001449461314221,0.5339061768031349
SRR10305423,fold_3,0.07194365869088332,0.169591155578303,0.19628558639542792,0.06222483594489465,0.4999547633904917
SRR10442269,fold_3,0.13839853351335119,0.2504159440246979,0.30111227152320047,0.272834756699475,0.037238494239275506
SRR10442275,fold_3,0.5687973415073043,0.16810286701737298,0.16624658045299798,0.0776494039719433,0.019203807050381067
SRR10442285,fold_3,0.6129618700557071,0.14293101531036542,0.16190425114762189,0.06672058672939536,0.01548227675691014
SRR10442288,fold_3,0.45868974729291284,0.2574160052988101,0.17625945195454887,0.0912037864895892,0.016431008964139224
SRR10442294,fold_3,0.6737996384846915,0.1453196830359467,0.1346889842211972,0.03856778280870583,0.00762391144945819
SRR10442296,fold_3,0.5701187121689006,0.15795277825492146,0.17343917609341677,0.07698692026255817,0.0215024132202025
SRR10442300,fold_3,0.7049523663337336,0.12286825673554633,0.1188974223938929,0.04237159917246404,0.010910355364363524
SRR10442301,fold_3,0.660284658235445,0.14316789326203552,0.14049692323374385,0.04740750972105535,0.008643015547720284
SRR10442322,fold_3,0.7312150884947705,0.0899678073398869,0.11664940467060868,0.051441822197864015,0.010725877296869565
SRR10442324,fold_3,0.6721047187046137,0.11430264787306069,0.13235062484218715,0.06921719476146006,0.012024813818678561
SRR10442327,fold_3,0.6642735134663676,0.1306846488975211,0.13472046387192876,0.06079101037467907,0.009530363389503232
SRR10442339,fold_3,0.30801976957814725,0.2248071419564824,0.26022566120942664,0.17905511538809402,0.027892311867849587
SRR10442353,fold_3,0.7154905505887692,0.11700497441463246,0.1295645111356423,0.027768774760736536,0.01017118910021936
SRR10442361,fold_3,0.7634054328785925,0.10073351111586167,0.10001197037732512,0.025110997222800992,0.010738088405419923
SRR10442363,fold_3,0.6558061528953489,0.14236602445900387,0.1369786561823839,0.051279858905313364,0.013569307557950334
SRR10442365,fold_3,0.38059610644123143,0.2692807466581077,0.23990363959224456,0.08952276418315946,0.02069674312525708
SRR10442368,fold_3,0.39962671939664124,0.2833234064364364,0.22060589274950285,0.07855648023303802,0.017887501184382072
SRR10442371,fold_3,0.6614669047251834,0.1620392554034016,0.13313557499828466,0.03571958598171504,0.007638678891415146
SRR10442375,fold_3,0.48791489122317383,0.19453819068087028,0.23441252078493482,0.06616483754951687,0.016969559761504084
SRR10442378,fold_3,0.5316999345730523,0.19188857071387594,0.20262133573502042,0.062351414524128124,0.011438744453923008
SRR1999126,fold_3,0.6421691119065953,0.06302892302740326,0.15662365016350777,0.10606365253897516,0.032114662363518565
SRR1999134,fold_3,0.5407182467282753,0.10216063040372046,0.18946873029412903,0.12521163334240648,0.04244075923146879
SRR1999135,fold_3,0.5543785041399969,0.08893107091482247,0.1830387630389686,0.10752200292359088,0.0661296589826213
SRR1999145,fold_3,0.6480704695839439,0.08528673515431112,0.15079894745987857,0.07274239800826554,0.04310144979360083
SRR1999147,fold_3,0.5860665188934783,0.09405953580662604,0.16301549133087326,0.1263014672098112,0.030556986759211292
SRR1999150,fold_3,0.46703486860874366,0.1193985790014475,0.20715478681346947,0.16681791680967029,0.03959384876666919
SRR1999179,fold_3,0.6606761004688778,0.0730429725369649,0.1654563757136936,0.06894199151577253,0.03188255976469152
SRR1999181,fold_3,0.4782148235520371,0.11325110930860183,0.21753027363629449,0.14438281891992752,0.04662097458313895
SRR1999182,fold_3,0.7646274494896586,0.03569370112520105,0.13344913222338955,0.042937391061724686,0.023292326100025487
SRR1999193,fold_3,0.6460350591767217,0.07821468683558423,0.15952549316678535,0.08686101135738573,0.029363749463523443
SRR1999195,fold_3,0.6346681012823698,0.06647066227155024,0.17036447055508125,0.07984079548870311,0.048655970402295516
SRR1999202,fold_3,0.7032373903147289,0.06691607784742035,0.1364563876280252,0.06422950721949919,0.029160636990326363
SRR1999216,fold_3,0.5991377133465895,0.08616980983101526,0.18857622223457096,0.1015773928404188,0.024538861747405487
SRR2143562,fold_3,0.08940264367022048,0.2235865952780767,0.2871153042638206,0.37461372223542694,0.025281734552455103
SRR2143586,fold_3,0.05439425712814424,0.3609815363988471,0.3021657527668491,0.25662369001372354,0.025834763692436154
SRR2143602,fold_3,0.06525198560109106,0.16680928172616555,0.3009666473292425,0.43657708018743124,0.030395005156069636
SRR2143654,fold_3,0.10286363779927019,0.4953167530855161,0.2683075851935564,0.11920269270428695,0.014309331217370169
SRR2143674,fold_3,0.062250386341520456,0.509284331638986,0.24894348232177876,0.1604132786961239,0.019108521001590845
SRR2143697,fold_3,0.10404728096707844,0.319882365302883,0.2890763530843979,0.26550079202216054,0.02149320862348012
SRR2143778,fold_3,0.07708280045657129,0.3425742591464424,0.3228233049983373,0.23903599227286387,0.01848364312578457
SRR2143807,fold_3,0.03485880102513212,0.48005028136824235,0.28852592684806605,0.17946051226809995,0.01710447849045968
SRR2143827,fold_3,0.08238315917604298,0.525713937656165,0.21662277489438622,0.16069327208445142,0.014586856188954724
SRR2143889,fold_3,0.08715325481547449,0.44850893240249556,0.31770902079654906,0.13022137319070043,0.016407418794780713
SRR2143894,fold_3,0.0741234833754468,0.2939727703849122,0.3200965030522454,0.28280268671621644,0.02900455647117926
SRR2143898,fold_3,0.10808898947742386,0.404003150286259,0.29140271541034246,0.1773522652873603,0.019152879538614193
SRR2144011,fold_3,0.07485220264540263,0.4131155519390598,0.3132352549052973,0.1757727434296479,0.02302424708059224
SRR2144033,fold_3,0.11255704956790068,0.47479679474730996,0.24540338899380246,0.15184032780597867,0.015402438885008049
SRR2144034,fold_3,0.098607093939488,0.5327978368904799,0.25692052269436616,0.09429624231740086,0.01737830415826476
SRR2144070,fold_3,0.12776280718273733,0.33317098506789145,0.27719294794113936,0.24259691514866272,0.019276344659569157
SRR2144120,fold_3,0.08586403376649471,0.3537008111900393,0.3454538140588735,0.19522744925126337,0.0197538917333288
SRR2144121,fold_3,0.09608643882141064,0.3142118476989117,0.35022842316611746,0.21852377412927276,0.020949516184287083
SRR22682317,fold_3,0.06002405156689676,0.13807374541323378,0.23572550596495714,0.07394212764796035,0.4922345694069521
SRR22682328,fold_3,0.053131149687464393,0.198584736198298,0.2523937330087349,0.06201995560872342,0.4338704254967794
SRR22682364,fold_3,0.061791585759259054,0.29949806836839504,0.24423284927772398,0.05656433091835066,0.33791316567627117
SRR22682401,fold_3,0.028226766980967582,0.07760141796634701,0.25371910406675385,0.6231124759648374,0.01734023502109416
SRR22682560,fold_3,0.08724343504462187,0.18504003750335174,0.26324974083385366,0.23704307526191076,0.22742371135626216
SRR2761196,fold_3,0.01948841982563894,0.07434847417992858,0.254087621646309,0.6416216925313919,0.010453791816731745
SRR2761408,fold_3,0.020049196280610453,0.07733520237958294,0.2573202875127039,0.6341581664316156,0.011137147395487131
SRR30050046,fold_3,0.08659883034595788,0.1558964144622863,0.281364679436938,0.45013329587777934,0.026006779877038397
SRR30050059,fold_3,0.07787615188641592,0.15117847177752772,0.28791413629741847,0.45226064275260747,0.030770597286030533
SRR30050111,fold_3,0.10835025578120441,0.21679070723938385,0.2834216860729878,0.35958449299655926,0.03185285790986447
SRR3206670,fold_3,0.1733913305497676,0.3595773090461314,0.3044241496974019,0.1353775710551192,0.02722963965157984
SRR3206674,fold_3,0.09447896134662924,0.12739648834210546,0.2435794553836136,0.514163685284174,0.02038140964347726
SRR3206676,fold_3,0.23501277591004005,0.2590964178206243,0.2971236229305449,0.18586673290159048,0.022900450437200532
SRR3206678,fold_3,0.19713522582341453,0.32904333731747604,0.30156710856493374,0.1399875992170277,0.03226672907714803
SRR3206679,fold_3,0.10935116766852143,0.2668069535623364,0.3036500508463088,0.2817586877936809,0.038433140129152506
SRR3361482,fold_3,0.053306042316390814,0.5138094876255065,0.26890278863670297,0.13450995353027104,0.02947172789112856
SRR3361483,fold_3,0.0628231795042334,0.4129911339019615,0.31318061872980746,0.15958165808529703,0.05142340977870086
SRR3361505,fold_3,0.046488937850459544,0.39964044256055803,0.3226470610342933,0.20355144169228157,0.02767211686240816
SRR3361536,fold_3,0.08214660241937528,0.41292787647447227,0.33874148012843486,0.12507848085338288,0.041105560124335014
SRR3361612,fold_3,0.0527230242731888,0.2388388218937985,0.31430325597952113,0.35776407817593364,0.0363708196775579
SRR3361618,fold_3,0.06060233197993277,0.5402897110277729,0.22393662157311045,0.1448264379912429,0.030344897427941494
SRR3361658,fold_3,0.05994034281851759,0.3630838447654122,0.2850754138120216,0.26902220299868385,0.02287819560536457
SRR3361671,fold_3,0.08291895689693822,0.2427331261352745,0.3037686194092559,0.3139308857956697,0.05664841176286186
SRR3361747,fold_3,0.07051972889942476,0.41768028481417824,0.28984610762638885,0.18362823062712816,0.03832564803288014
SRR3362108,fold_3,0.04740117372096831,0.29450930765670613,0.30921562343470627,0.28977375856890614,0.05910013661871352
SRR3362148,fold_3,0.10037872725544662,0.3679117611363344,0.29165953466450417,0.21398700717062313,0.026062969773091624
SRR3362156,fold_3,0.045440248083717764,0.22164404094499054,0.2774074345744457,0.4153204975115798,0.04018777888526548
SRR3362179,fold_3,0.0807940385556366,0.3545992649438777,0.3105542666756485,0.2003450617891417,0.05370736803569537
SRR3362190,fold_3,0.07012955807470057,0.40962724801218847,0.3263077228455707,0.15633836382135813,0.03759710724618211
SRR3362198,fold_3,0.05972212687711882,0.3810098970624914,0.3185479690842789,0.20042236022141424,0.040297646754696936
SRR3362232,fold_3,0.10180633479774612,0.3519028765842619,0.3144415458134145,0.19823343600178106,0.033615806802796494
SRR3362253,fold_3,0.05434254602924435,0.4027746899461152,0.28260550254858485,0.23336950951337818,0.026907751962677383
SRR3362269,fold_3,0.06477973462783455,0.4143880486129181,0.2931504471104811,0.20308461042754095,0.02459715922122562
SRR3667007,fold_3,0.05318877804737647,0.3300959653544116,0.25161864755458196,0.3020256022592753,0.06307100678435433
SRR3667013,fold_3,0.04522710382790073,0.3708759855807357,0.26808214250108015,0.2149122887681624,0.1009024793221211
SRR3667026,fold_3,0.08173732941763079,0.3952120534480988,0.2344212696723403,0.16495261571917125,0.12367673174275898
SRR3667038,fold_3,0.061603266334537145,0.21950192290115092,0.27067963555009095,0.3951523818566518,0.05306279335756874
SRR3667043,fold_3,0.05445261025469808,0.2627760862892361,0.2719733815493034,0.24345686840934921,0.16734105349741352
SRR3667045,fold_3,0.06059722034438,0.3673378811794851,0.24722378734166262,0.19288910181640995,0.13195200931806214
SRR5762516,fold_3,0.11729086948675212,0.33810380079797897,0.3239324579334108,0.1926006885301346,0.02807218325172325
SRR5762527,fold_3,0.10828810328282926,0.22657580602742775,0.3242371637974102,0.3050647405864527,0.03583418630588035
SRR5762528,fold_3,0.09410792878292198,0.32606800949015075,0.3333926744086927,0.23095761557899602,0.015473771739238017
SRR5762530,fold_3,0.12149384367241832,0.27845930050476264,0.3284555294367418,0.24447150307130636,0.027119823314771176
SRR5762562,fold_3,0.060942480130611106,0.2585536013023193,0.31191767131734793,0.33232250951180087,0.03626373773792071
SRR6299732,fold_3,0.041454438635462186,0.1868894990550003,0.268051192856386,0.4861853104030971,0.01741955905005418
SRR6299736,fold_3,0.03122677209172688,0.1076224211665833,0.2512853922645812,0.5866232586194972,0.023242155857611052
SRR6299737,fold_3,0.04689527092414319,0.13861136751401354,0.26264866263594244,0.5288222680013047,0.02302243092459573
SRR6299743,fold_3,0.05364818478625281,0.2232592687447459,0.31876123210360696,0.3793550939484325,0.024976220416961997
SRR6299744,fold_3,0.051872903224795736,0.22956922439544367,0.2801661368797129,0.4051446691414121,0.033247066358635384
SRR6299756,fold_3,0.0352995209914751,0.12387862339345192,0.27688509076124357,0.5450584213759275,0.01887834347790131
SRR6299767,fold_3,0.0532455081981699,0.2224965776866121,0.2844935908091325,0.4135867246734547,0.02617759863263105
SRR6299783,fold_3,0.019960789967721583,0.10097412687471229,0.24904635333176608,0.6186588781646275,0.01135985166117209
SRR6299809,fold_3,0.03066340992343533,0.14155310615989516,0.26821879034434587,0.5374020541385662,0.022162639433757535
SRR6299829,fold_3,0.05598611706289123,0.24293036519928468,0.3192136498902061,0.3425027409089265,0.03936712693869157
SRR6299838,fold_3,0.01892677483978003,0.07934258152820702,0.24646805490222387,0.6440543214936778,0.01120826723611111
SRR6299846,fold_3,0.0625145976491041,0.22915756627758704,0.268825496871075,0.41955230293212614,0.01995003627010735
SRR6299861,fold_3,0.022560511966793404,0.10351603597875642,0.24545922370022694,0.6141738077012803,0.014290420652942715
SRR6299868,fold_3,0.038253564171655804,0.10651334624723388,0.25552598454961756,0.5744049483268305,0.02530215670466177
SRR6299872,fold_3,0.036197778503892844,0.11669943073881894,0.24895758384904323,0.5743935960109877,0.023751610897257126
SRR6299891,fold_3,0.06077419475081787,0.24259220616600144,0.29337003543764606,0.38245872794509517,0.02080483570043946
SRR6299899,fold_3,0.07482913230971619,0.3027162223214063,0.32697503221961416,0.2684520377986083,0.02702757535065525
SRR6299901,fold_3,0.09825678255075761,0.3122538156348798,0.32872624142992224,0.2283913462879545,0.03237181409648593
SRR6299932,fold_3,0.034338039152170444,0.17468698155556797,0.2990329044995613,0.47302078045597673,0.01892129433672365
SRR6299940,fold_3,0.027108254328365926,0.16322687458255838,0.28381024282718453,0.49906010591969796,0.02679452234219272
SRR6299955,fold_3,0.09639036291538956,0.31430062826701566,0.2930655276355498,0.26915632033842934,0.02708716084361636
SRR6299959,fold_3,0.04057917304345287,0.1290779649357207,0.2627943622882825,0.5381356406846479,0.02941285904789601
SRR6299970,fold_3,0.08713966366092643,0.27611230788607305,0.3070373008834148,0.29839421254775617,0.03131651502182986
SRR6300017,fold_3,0.041229437112561086,0.15432118806721845,0.27661526796165875,0.5041313677478565,0.023702739110705303
SRR6300033,fold_3,0.09938262783132298,0.3256818098014265,0.2994813545959247,0.25427187426360137,0.021182333507724724
SRR6300041,fold_3,0.031354187647287646,0.10770958618093672,0.24540194114618616,0.5913906074053706,0.024143677620218403
SRR6300043,fold_3,0.0679696235016038,0.29161086659053614,0.31376911167511606,0.3051933056740871,0.021457092558657413
SRR6300065,fold_3,0.02761738450505957,0.09216941514963278,0.24560998403206266,0.6217986340229642,0.012804582290280437
SRR6300068,fold_3,0.020979102018581944,0.09443974404526612,0.2576781525531136,0.6128011629058675,0.014101838477170663
SRR6300071,fold_3,0.04296589574682341,0.1527002744341298,0.283130653809598,0.4868212534162103,0.03438192259323856
SRR6300081,fold_3,0.02872976916877607,0.11861782404599067,0.25148618261519506,0.5812427287152879,0.019923495454749814
SRR6300097,fold_3,0.026276338365488226,0.11883540588688837,0.2520673629108483,0.5826427263462396,0.0201781664905353
SRR6300100,fold_3,0.051170529793648674,0.180403990694245,0.2832828381996098,0.4627372372779196,0.022405404034577026
SRR6300116,fold_3,0.01565334082868071,0.09097085177770842,0.26892710650278356,0.6137416661953037,0.010707034695523482
SRR6300120,fold_3,0.038927980656018206,0.12173706820961461,0.2613950375690975,0.5526409296123773,0.025298983952891867
SRR6300141,fold_3,0.0420488598784324,0.18423957830246113,0.29837180880945147,0.4373047244504334,0.03803502855922155
SRR8534037,fold_3,0.07112692699103483,0.21909149783253215,0.3305547571840446,0.2151567581203038,0.16407005987208495
SRR8534094,fold_3,0.06477750436427926,0.11277523044850847,0.2860039422243098,0.36610769082500955,0.17033563213789302
SRR8534095,fold_3,0.05030512870418382,0.12519803682084077,0.2537952971808827,0.40295870779653875,0.16774282949755387
SRR8534098,fold_3,0.053683285563605604,0.13156141651167785,0.2686730680808026,0.3805928276214252,0.16548940222248837
SRR8534187,fold_3,0.08138192430544323,0.1910569275183778,0.33140860017884766,0.1587843208446098,0.23736822715272218
SRR8534203,fold_3,0.0583909655703486,0.1755626259902993,0.2943547522587294,0.3529877740142518,0.11870388216637143
SRR8534217,fold_3,0.07755745754286371,0.17231135246479048,0.39320574768179894,0.19085296005560626,0.1660724822549409
SRR8534218,fold_3,0.0710487633771265,0.23109396985979103,0.35900877449739954,0.14057818231754135,0.1982703099481416
SRR9160234,fold_3,0.013205471426795951,0.051569558430110685,0.07933506508523978,0.019766598016315987,0.8361233070415379
SRR9160235,fold_3,0.03485953330224452,0.10361651865389679,0.10990807172508418,0.028333111986450697,0.7232827643323239
SRR9160244,fold_3,0.04680787381803061,0.07948605791294187,0.19350342341499382,0.09098205379727334,0.5892205910567611
SRR9160257,fold_3,0.03279434582592671,0.12106038750491933,0.1530779465403657,0.09092552148692598,0.602141798641863
SRR9160277,fold_3,0.01336157322200318,0.061863968876168775,0.11029259347559921,0.022546014998995913,0.7919358494272327
SRR9160283,fold_3,0.030336547955488805,0.08008898883825534,0.13903234309899215,0.026550653996844725,0.7239914661104196
SRR9160286,fold_3,0.03447684913631181,0.10118348058982803,0.15859636658827386,0.08716269187916147,0.6185806118064257
SRR9160290,fold_3,0.03309436454813377,0.13172229526064952,0.1594763925305451,0.033210353440946916,0.6424965942197253
SRR9160297,fold_3,0.03069241160673787,0.1376472628608013,0.21839690794604158,0.04695928375903988,0.5663041338273799
SRR9160299,fold_3,0.09705053230060436,0.12621486842925833,0.23386513871870493,0.15456305009938354,0.38830641045204867
SRR9160301,fold_3,0.06127188778410047,0.12406289662198641,0.23812297061033125,0.23646315270239077,0.3400790922811914
SRR9160302,fold_3,0.028242100456670482,0.09018707455265841,0.13299386526533755,0.04564105818376833,0.702935901541566
SRR9160320,fold_3,0.024136289439783038,0.06283492908563507,0.11838417544986153,0.035082839497846956,0.7595617665268746
SRR9160322,fold_3,0.03289052191052587,0.10158288940665747,0.1404700043203095,0.031031454771020494,0.6940251295914869
SRR9160324,fold_3,0.03257793138953087,0.13273503360966096,0.16185706459391486,0.08121094055919445,0.5916190298476989
SRR9160330,fold_3,0.058954513786721285,0.28516469132301825,0.18078718016443782,0.050134764950143344,0.4249588497756797
SRR9160334,fold_3,0.048128680290369895,0.15817223869749764,0.19333538091957564,0.12759507126873518,0.4727686288238225
SRR9160335,fold_3,0.05474809910146556,0.09061724071244158,0.20215938171138456,0.12186617674769493,0.5306091017270136
SRR9160336,fold_3,0.05187815643485638,0.12353387857109994,0.2227505401151258,0.13149374500229638,0.4703436798766216
SRR9160340,fold_3,0.016095670565302783,0.05698080620227067,0.10358795487157026,0.04177100257457191,0.7815645657862845
SRR9160355,fold_3,0.04959543694655196,0.11474344919470031,0.21507647887672782,0.09946907944447281,0.5211155555375475
ERR1368885,fold_4,0.021923859632655602,0.07224438159333438,0.2609652132225843,0.6376177841863494,0.007248761365075252
ERR1368894,fold_4,0.02031866248537292,0.07656920380063585,0.29471627330647937,0.5979489468469349,0.01044691356057691
ERR1368899,fold_4,0.01965472691649053,0.09528063949011006,0.32912838750486245,0.5460458295844225,0.009890416504114064
ERR1368909,fold_4,0.03139130338577988,0.10785856020089968,0.4044453352386245,0.4463486013539885,0.00995619982070764
ERR1368911,fold_4,0.03810699345598376,0.07627412435964298,0.2753434854794227,0.6016682102907759,0.008607186414174269
ERR1368913,fold_4,0.013841601556194788,0.07171649032676762,0.3182204855185533,0.588977091403115,0.007244331195368335
ERR1368916,fold_4,0.022492001586758098,0.06851318380327476,0.22224562133292788,0.6786426083269206,0.008106584950117802
ERR1368927,fold_4,0.01742551901901853,0.09698862634447193,0.3612409853370017,0.5113188787150295,0.01302599058447838
ERR1368939,fold_4,0.016675009925695154,0.08507066176254936,0.24617270498298874,0.6384541630117295,0.013627460317036611
ERR1368940,fold_4,0.024750319450834873,0.0645379395025466,0.3322286077841133,0.5714480479356473,0.007035085326857858
ERR1368943,fold_4,0.024605726164015188,0.10236446057398056,0.23751064816101847,0.6152482228095092,0.02027094229147623
ERR1368957,fold_4,0.019061725032519496,0.07897636163759969,0.32226028259157835,0.5728040347940854,0.0068975959442171535
ERR1368962,fold_4,0.03774161882188398,0.10528432780128714,0.33989843155389843,0.5068620681358255,0.010213553687105224
ERR1368975,fold_4,0.01790211322365388,0.08356904433318631,0.2422831213001443,0.6460955855629794,0.010150135580034901
ERR1368980,fold_4,0.028051405626103375,0.1390424670546545,0.35936873507993666,0.4644403579053125,0.009097034333993162
ERR1369002,fold_4,0.02079839427352525,0.07569504881364256,0.2692524464937022,0.6251972958774843,0.009056814541644339
ERR1369007,fold_4,0.01784298182369916,0.06473334881617576,0.27544578930849045,0.6312737904546916,0.010704089596942233
ERR1369026,fold_4,0.039377353342896,0.10172989505495131,0.375335958694377,0.47501230344567497,0.008544489462100856
ERR1369027,fold_4,0.015819455748619145,0.08702609864640601,0.3720465442813134,0.5192743055324938,0.005833595791167687
ERR1369032,fold_4,0.012755757887111384,0.06490908498855041,0.22283430046601885,0.6920475615032864,0.007453295155031897
ERR1369056,fold_4,0.016173555222912864,0.062345460047819067,0.26713531744530405,0.6472838572707322,0.007061810013230635
ERR1369064,fold_4,0.016462694457109753,0.07089623671330718,0.25165220448178277,0.6534636947096278,0.007525169638171447
ERR1369068,fold_4,0.018924864718575293,0.09041149818342493,0.3129381623474503,0.5702554951680671,0.007469979582482344
ERR1369072,fold_4,0.01196074117920355,0.05879171670998791,0.23192263102970717,0.6897650267513351,0.00755988432976561
ERR1369083,fold_4,0.01355341451459762,0.06614476283565147,0.22102851834687728,0.6903102175459946,0.008963086756878007
ERR1369091,fold_4,0.0250879151175359,0.09898529616208819,0.3341834730641625,0.5330554447951411,0.008687870861072445
ERR1369110,fold_4,0.0194829818077983,0.09163500139257741,0.4014674387123971,0.4780414227542108,0.009373155333016721
ERR1369121,fold_4,0.019197005074172675,0.07613074566824078,0.22405512141095024,0.6718790624213962,0.008738065425239331
ERR1369127,fold_4,0.014398517199858813,0.05706392692227013,0.28011874124478864,0.6399691261895663,0.008449688443515683
ERR1369131,fold_4,0.024140773331503468,0.09644376711548364,0.3812785783744439,0.48970138748866515,0.008435493689904022
ERR1369136,fold_4,0.0343485385921589,0.09669042180205603,0.3055982898589744,0.5567602087966066,0.0066025409502045935
ERR1369138,fold_4,0.015635930590718796,0.062253392548763956,0.22790366480736457,0.6863010640416373,0.007905948011514325
ERR1369148,fold_4,0.04033144980750146,0.07249406461410458,0.2957656592243793,0.5825994465033774,0.00880937985063687
ERR1369151,fold_4,0.01444500265116201,0.05925520575314884,0.318084426428986,0.6019216291385338,0.0062937360281690976
ERR1369155,fold_4,0.014752786952140842,0.0641548525848366,0.23154666662692777,0.682062345825732,0.007483348010361688
ERR1369159,fold_4,0.016089439192479335,0.05874431000588532,0.2623265769164005,0.6558179823189737,0.0070216915662598915
ERR1369184,fold_4,0.01570566730259223,0.07931286736046238,0.26184272390817626,0.6330048464919203,0.010133894936848244
ERR1369187,fold_4,0.014976905781130118,0.07449027762766264,0.23085455702066365,0.6697534524631483,0.009924807107393999
ERR1369305,fold_4,0.02401675148895152,0.08573223928805687,0.40310177512869505,0.47819561794366233,0.008953616150634577
ERR1369323,fold_4,0.02899084472403052,0.09064911232687323,0.4236290820300072,0.45021886696446933,0.006512093954620231
ERR1369376,fold_4,0.010277976490839936,0.07014027882809827,0.3197149764198074,0.5909026367530309,0.008964131508223526
ERR1369426,fold_4,0.013128818108001896,0.07647387249572293,0.2838673827034492,0.6185480218397982,0.007981904853026783
ERR1369449,fold_4,0.03085537059921152,0.0759965817059648,0.48595081608159524,0.4015266739327286,0.005670557680499569
ERR1369452,fold_4,0.013432021817977624,0.07270256947768981,0.3098416266551351,0.5958959219321183,0.008127860117078018
ERR1369471,fold_4,0.02681351919524713,0.11048241395868905,0.30317637654824553,0.547210028762513,0.012317661535305176
ERR1369483,fold_4,0.019537925767412503,0.09225330343515717,0.3309349499551375,0.5462886318053547,0.010985189036938117
ERR1369500,fold_4,0.012446178652369274,0.07016133237915073,0.3180145935142673,0.5911704417227154,0.00820745373149717
ERR1369524,fold_4,0.016333471280939708,0.06306817221398149,0.3557170419913636,0.5476025850808105,0.01727872943290479
ERR1369534,fold_4,0.01775710225174881,0.08535745419464004,0.46879619577892667,0.42024659837393635,0.007842649400748527
ERR1369539,fold_4,0.016117813494554975,0.07394132207930443,0.33071034096624197,0.569363590792304,0.009866932667594397
ERR1369598,fold_4,0.016591785325082008,0.07691492565514774,0.24024749467976528,0.6541398921320352,0.012105902207969267
ERR1369607,fold_4,0.019947543681863154,0.09453928792313179,0.41604645016852804,0.4601924158092058,0.009274302417271667
ERR1369637,fold_4,0.015962744668857425,0.06381413412180305,0.36136099738947297,0.5514008181112818,0.007461305708584804
ERR1369650,fold_4,0.016098364100252345,0.08604599793553055,0.414000526536331,0.47553256552965034,0.008322545898236259
ERR1369689,fold_4,0.013150110661529504,0.06719665457060865,0.3054621143379815,0.6038671210635618,0.010323999366318068
ERR1369692,fold_4,0.014408739014749969,0.0854247635761243,0.28393186194669684,0.606744542591771,0.009490092870657314
ERR1369695,fold_4,0.019774379905034795,0.07352388045146427,0.2418415969347049,0.6562159530779983,0.00864418963079664
ERR1369726,fold_4,0.014673648211241678,0.07848523780163254,0.24007786847894058,0.6569846663936721,0.00977857911451183
ERR1369771,fold_4,0.01825787235016092,0.06951553842909526,0.4328649846433096,0.472171277663678,0.00719032691375663
ERR1369774,fold_4,0.01749497506697551,0.09628469318417221,0.3491517988960277,0.5253927887112023,0.01167574414162221
ERR1369841,fold_4,0.016391999406367753,0.07100087078608856,0.41597236653461944,0.4908807047236986,0.005754058549225926
ERR1369853,fold_4,0.028023416229895484,0.11171116250746546,0.3732092274406916,0.4741567271326064,0.012899466689341674
ERR1369855,fold_4,0.019150939360907872,0.08132462686945885,0.47819065445816455,0.4139713972444963,0.007362382066972716
ERR1369894,fold_4,0.022738750174195826,0.07008486860462758,0.2529219863579027,0.6438638213771701,0.01039057348610284
ERR1369908,fold_4,0.015716035116363117,0.07042961956656842,0.3226562829015428,0.5835163917435542,0.0076816706719717315
ERR1369923,fold_4,0.013438215759216868,0.0726719120158733,0.376180856301653,0.5305498504303514,0.007159165492905472
ERR1369924,fold_4,0.013318146341826096,0.08291642780206515,0.2525181448706187,0.6416411574312052,0.009606123554283738
ERR1369934,fold_4,0.014029634882602464,0.07368201953654874,0.4944137781679665,0.4129709413589389,0.004903626053944186
ERR1369951,fold_4,0.02134408658236689,0.07594950968455347,0.48468119665850623,0.40692390816532503,0.011101298909249017
ERR1369962,fold_4,0.021873288879384483,0.086214440127309,0.46956064360558863,0.4142755361429274,0.008076091244790272
ERR1369977,fold_4,0.016685980035425832,0.09300573377964128,0.4429022694334739,0.43791624426242914,0.00948977248902993
ERR1370005,fold_4,0.013820677230103301,0.07294570150181827,0.36798715710951957,0.5368030981376047,0.008443366020954192
ERR1370035,fold_4,0.01785949818448529,0.07845503278110257,0.3951149382356858,0.4993797127593239,0.009190818039403314
ERR1370036,fold_4,0.010881095340057963,0.07396177709061905,0.34284464497879424,0.5660102187666528,0.006302263823875955
ERR1370044,fold_4,0.01530743778425832,0.06697351330723891,0.3820280392208557,0.5291164922946205,0.006574517393026976
ERR1370057,fold_4,0.013399328147210019,0.07768682410970762,0.3094741799345278,0.5908808260606652,0.008558841747888906
ERR1370063,fold_4,0.012699474007356694,0.07100701703574135,0.2748590361392932,0.6341913158308217,0.007243156986786348
ERR1370072,fold_4,0.012658898730458994,0.07381448729287471,0.28494796273838,0.62118566302572,0.00739298821256547
ERR1370092,fold_4,0.0229671079750974,0.0897970852732228,0.5134019975372087,0.36372832472923555,0.010105484485235898
ERR1370097,fold_4,0.019520919401686782,0.08272436827865255,0.32531548413451566,0.5626059690401083,0.00983325914503612
ERR1370099,fold_4,0.015923362914275666,0.07889857464873239,0.37075290997841653,0.5240911866156123,0.010333965842963169
ERR1370101,fold_4,0.01246841117638137,0.06140841395754686,0.3841187576085805,0.5360223910971722,0.005982026160319266
ERR1370124,fold_4,0.029033943449826273,0.07595824799678592,0.4754555406329098,0.4132560157531003,0.006296252167377793
ERR1370137,fold_4,0.01718119880205856,0.06366773511471041,0.4271846828094156,0.48735714963333426,0.004609233640481479
ERR1370139,fold_4,0.016859542627894214,0.0849136565552501,0.3763654038606761,0.5120296242885529,0.009831772667626887
ERR1370160,fold_4,0.027871659339661056,0.10575539564661951,0.3064327256022173,0.5495955488088848,0.010344670602617031
ERR1370168,fold_4,0.015644117000278054,0.08167259620987986,0.26513600451558217,0.6291625868291935,0.00838469544506543
ERR1370171,fold_4,0.014718998048114839,0.08002087750960349,0.4201340963032601,0.4791889831214256,0.005937045017595866
ERR1370179,fold_4,0.017319560948160884,0.0929381380554143,0.24364281407240268,0.6338885916594945,0.012210895264526732
ERR1370190,fold_4,0.014840230835628836,0.0780716475966873,0.24542019215946562,0.6530642707189726,0.008603658689244516
ERR1370205,fold_4,0.01241357132383244,0.07300579162654285,0.4026567210232496,0.5061575216120576,0.005766394414317673
ERR1370218,fold_4,0.014844020773950905,0.06720929625655021,0.35505284148133914,0.5561397285893753,0.006754112898784195
ERR1370229,fold_4,0.024026036761700908,0.09752843612845875,0.2377405241008015,0.6292444732017387,0.011460529807299622
ERR1370257,fold_4,0.013719995477530129,0.06673332460850684,0.22144402542103486,0.690353649156036,0.007749005336891433
ERR1370268,fold_4,0.012261502228626684,0.0590344483413195,0.24100031573894887,0.680460097627994,0.007243636063110056
ERR1370339,fold_4,0.020241401334037082,0.07094942439099255,0.3922570890559696,0.5096725609364786,0.006879524282522426
ERR1370346,fold_4,0.02598994888029574,0.07638581207372194,0.3331203295280513,0.5553331981598428,0.009170711358088094
ERR1370362,fold_4,0.021705162152778484,0.0718788589626463,0.27672913209882666,0.6192099967077552,0.010476850077993295
ERR1370391,fold_4,0.015443112805235136,0.06873630842215968,0.267394973958667,0.6398337200844192,0.008591884729518082
ERR1370407,fold_4,0.029209588207759995,0.0714090922850162,0.29819664195678086,0.5932480624053177,0.007936615145125081
ERR1370412,fold_4,0.020478453649814533,0.07276405378248815,0.3455215687528216,0.5491443237803036,0.012091600034572048
ERR1370426,fold_4,0.02866919613962633,0.08601489292474823,0.3438389307795371,0.5328990532227178,0.00857792693337009
ERR1370432,fold_4,0.018281847619593398,0.0866854446542656,0.35558676425218044,0.5337987526401227,0.00564719083383711
ERR1370453,fold_4,0.014475600036326619,0.06686790898259826,0.23544460970395842,0.6734955669383076,0.009716314338808438
ERR1370464,fold_4,0.012901025198194232,0.05741312566637484,0.2536329703234562,0.669467396319118,0.006585482492856144
ERR1370480,fold_4,0.023952649207306165,0.08507211010810523,0.38074134745218596,0.5031183643092325,0.007115528923169922
ERR1370490,fold_4,0.013049282098568052,0.06708796446848682,0.2315172176041416,0.681533020032223,0.006812515796579618
ERR1370506,fold_4,0.013093016095547366,0.06485472832306771,0.22407048611346783,0.6898224241917834,0.008159345276132662
ERR1370530,fold_4,0.013605678645929167,0.07500829953739849,0.2787393619267197,0.6206248435648147,0.01202181632513766
ERR2172371,fold_4,0.012437015036967897,0.068371211070791,0.49109008076451083,0.4223148470947966,0.00578684603293403
ERR2172374,fold_4,0.015941992346224686,0.07302239006296271,0.5055818269847395,0.4001382521477044,0.005315538458368984
ERR2172417,fold_4,0.014159727095232352,0.05911078678113464,0.3858966399026327,0.5331567554373597,0.007676090783641206
ERR2172420,fold_4,0.015885021140656326,0.06078614212725812,0.3951840749732564,0.5208313345957515,0.007313427163078102
ERR2172422,fold_4,0.013022940995077042,0.056890148002358226,0.3995273760042086,0.524928960404656,0.005630574593700396
ERR2172423,fold_4,0.012151604907071371,0.059213948365217706,0.40435390907414315,0.518470698339138,0.005809839314430016
ERR2172424,fold_4,0.01659935889906372,0.06303323710371099,0.3944468293307132,0.5178493306042826,0.008071244062229754
ERR2172431,fold_4,0.015844395113905636,0.07024668221209877,0.4444827375149618,0.46357394842743715,0.005852236731596785
ERR2172445,fold_4,0.019197899394220647,0.08522565676657753,0.37433623166696184,0.507950593939314,0.013289618232926324
ERR2172451,fold_4,0.017643653827969032,0.06732471243551343,0.36040247161434796,0.5476210675503097,0.007008094571860158
ERR2172455,fold_4,0.016584563740820384,0.05918617765729192,0.40439733632209296,0.5145369472598731,0.005294975019921975
ERR2172459,fold_4,0.014849532419448802,0.058103365464755787,0.3803914057669132,0.5400928948913188,0.0065628014575635114
ERR2172468,fold_4,0.01520829867585318,0.06040880199696077,0.25870347334566907,0.6582939778417056,0.007385448139810107
ERR2172469,fold_4,0.014854351551615562,0.05777964007937332,0.38638314413254937,0.5328383741395927,0.008144490096869843
ERR2172473,fold_4,0.018133744278762846,0.0710355084580569,0.410411776531697,0.4934333094590921,0.0069856612723918745
ERR2172474,fold_4,0.013271158790076839,0.054662408617951345,0.3769746462836621,0.5496681690582303,0.005423617250079647
ERR2172509,fold_4,0.015037137428628987,0.06827128408195075,0.5807601409444162,0.33171859940752046,0.004212838137483183
ERR2172511,fold_4,0.016688453533433525,0.07076276011171304,0.5980485331595596,0.3092542290356526,0.0052460241596412075
ERR2172518,fold_4,0.013834713966291691,0.0738803418898103,0.5962657506016782,0.31225699621537384,0.0037621973268456154
ERR2172523,fold_4,0.017629398914574837,0.08653045753284903,0.5781914905284414,0.3123802073574969,0.005268445666637489
ERR2172528,fold_4,0.012548166951539552,0.06871284643476615,0.5713782913176133,0.3420200124232707,0.005340682872810094
ERR2172536,fold_4,0.016791511014681328,0.07430206748475673,0.5553194788802888,0.34757996199151414,0.006006980628758411
ERR2172548,fold_4,0.0243237560872681,0.09229322480998682,0.3853190324939001,0.4898351434365508,0.00822884317229443
ERR2172551,fold_4,0.01695149247286388,0.07548941424297231,0.49072452105416525,0.4105326047685157,0.0063019674614832434
ERR2172554,fold_4,0.01723566219936387,0.07716926812888311,0.5608653268490862,0.3375007546247,0.007228988197966466
ERR2172557,fold_4,0.017139252945891054,0.07102452692259367,0.5585427241829977,0.34849668449178617,0.0047968114567312125
ERR2172559,fold_4,0.02261236034347485,0.10751963080794694,0.38113760171508276,0.4803119390110352,0.008418468122460547
ERR2172562,fold_4,0.012200705638746109,0.07681148975505012,0.378414400921106,0.5262822404128835,0.006291163272214559
ERR2172565,fold_4,0.015914227470896533,0.061456627557756285,0.2977067051009263,0.6180154870226048,0.006906952847815409
ERR2172566,fold_4,0.01234839884014776,0.05844821425962117,0.31883311812148285,0.6004278761860845,0.009942392592663107
ERR2172568,fold_4,0.019210441820384748,0.05917015996352161,0.29402103261867096,0.619409805163585,0.008188560433837063
ERR2172583,fold_4,0.011558767091893666,0.06146520338777242,0.2987442457125999,0.6204063480010433,0.007825435806689481
ERR2172587,fold_4,0.011715916722417057,0.0587979248021516,0.31374098778647147,0.6088682716763386,0.0068768990126205345
ERR2172594,fold_4,0.014635318504812618,0.05971428348869879,0.2756770101480398,0.6420075607888119,0.007965827069635553
ERR2172597,fold_4,0.01400805387432211,0.06233000797587249,0.3206199669824467,0.5949568117206148,0.008085159446743201
ERR2172598,fold_4,0.015907268336898896,0.07314469086469129,0.5125762842227536,0.391815462945955,0.006556293629701643
ERR2172610,fold_4,0.0118139989953929,0.06581799017868863,0.3160395113389449,0.5996752628867805,0.0066532366001920374
ERR2172617,fold_4,0.016995325412073627,0.06207983285065549,0.3259499904558165,0.5857882326639725,0.009186618617481645
ERR2172735,fold_4,0.016974441682368436,0.07255651070807854,0.5156420892745223,0.390183312820417,0.004643645514614286
ERR2172740,fold_4,0.021058083557616316,0.07383460361178999,0.49708569489308085,0.4030713448421986,0.00495027309531457
ERR2172748,fold_4,0.022163084278139226,0.07742926008133248,0.47186888168342456,0.4232364140690734,0.005302359888030899
ERR2172750,fold_4,0.015329973912194745,0.07139675507592597,0.5060979995179388,0.40003624882170535,0.007139022672235621
ERR2172784,fold_4,0.013572808548460267,0.06061569573804237,0.2504159761855361,0.667656915293363,0.0077386042345971694
ERR2172814,fold_4,0.014466264531659624,0.07268690754350787,0.27967858705532217,0.6247654834123635,0.00840275745714584
ERR2172907,fold_4,0.019145981363947205,0.08634226117571214,0.24354141785205105,0.640387466191684,0.010582873416604601
ERR2172914,fold_4,0.034373561160581,0.07700622509572089,0.34132296021120156,0.535400369018602,0.011896884513894541
ERR2172925,fold_4,0.020626648126370092,0.0897314973633217,0.331562736709936,0.5511273032272798,0.006951814573092609
ERR2172933,fold_4,0.01516184053226741,0.08697795585146707,0.37387146258924164,0.5141565343871562,0.009832206639867332
ERR2172934,fold_4,0.015400212522938125,0.07787049003312939,0.2434739919584766,0.6536452311750099,0.009610074310444817
ERR2172942,fold_4,0.017504028234872883,0.08996079137660876,0.2631473567359585,0.6204298872636077,0.008957936388951364
ERR2172955,fold_4,0.012972868537147438,0.06578041664236509,0.2272717218449534,0.6850616520395219,0.00891334093601128
ERR2173002,fold_4,0.012053568329025521,0.058458578922877154,0.3083634990704806,0.6148652220622555,0.006259131615360409
ERR2173042,fold_4,0.015592937448027065,0.06859171010978268,0.27205918048859024,0.6361440671456798,0.007612104807919417
ERR2173059,fold_4,0.014539685036752745,0.0774433169722227,0.2723524862101938,0.6260845836165804,0.009579928164249353
ERR2173063,fold_4,0.012443011342096888,0.06697005366172762,0.2206910914348046,0.6918314661576669,0.008064377403702777
ERR2173064,fold_4,0.013367530487380253,0.07370768327675116,0.22987278038260703,0.6757019541826799,0.007350051670580551
ERR2173065,fold_4,0.012441011188688036,0.06591438161295704,0.21583295298513425,0.6982583292128741,0.007553325000345495
ERR2173079,fold_4,0.014453991057186614,0.07052180545217679,0.23110946555060916,0.6742790255181181,0.009635712421907992
ERR2173081,fold_4,0.014717936334387756,0.07496708904652599,0.22742655803228698,0.6742646404321294,0.008623776154668611
ERR2173092,fold_4,0.014194659837472885,0.07337160065870942,0.2616937322884044,0.6409697037902078,0.00977030342520436
ERR2173118,fold_4,0.015523757410277157,0.07748484686813831,0.24494674262129187,0.6525517005944477,0.009492952505843862
ERR2173119,fold_4,0.01615553746606984,0.07666848038574783,0.23894602242319857,0.6586734719210066,0.009556487803975765
ERR2173143,fold_4,0.015487878833483624,0.07821659526009592,0.24163944559460362,0.655071250421742,0.0095848298900736
ERR2173147,fold_4,0.0189311746169809,0.09031192698684667,0.2557852582138965,0.6249225340624794,0.010049106119795434
ERR2173150,fold_4,0.021965392837309913,0.08029816177357378,0.28390048372380106,0.6060012261505642,0.007834735514750387
ERR2173176,fold_4,0.01289261435221742,0.08430323296489135,0.30420287231246684,0.5927415462816837,0.005859734088740515
ERR2173182,fold_4,0.018448090908106497,0.069992238412061,0.27062291700013874,0.632141654949499,0.008795098730194488
ERR2173183,fold_4,0.021336712640276173,0.07746046301152029,0.2842402165602822,0.6081985420124901,0.008764065775431085
ERR2173192,fold_4,0.014423299353706391,0.07598106572191857,0.2471339838404646,0.6529136521826189,0.009547998901290477
ERR2173202,fold_4,0.014002296709498529,0.07184399199633972,0.2414795250504569,0.6607064666134013,0.011967719630302229
ERR2173205,fold_4,0.014156351788469612,0.07338589873637351,0.244505678419388,0.6589963055841491,0.008955765471618334
ERR2173206,fold_4,0.014612122416213175,0.0756148175525033,0.24958971540138272,0.6506604076672472,0.00952293696265235
ERR2173215,fold_4,0.015020582271727012,0.07215167183729135,0.2415121567631885,0.6618621716847615,0.009453417443030451
ERR2173217,fold_4,0.014421434725641167,0.07618843786840478,0.24388507227757944,0.6528765099366929,0.01262854519168054
ERR475474,fold_4,0.10800392249858631,0.38818159579853895,0.33487792798531507,0.1331162092214805,0.03582034449607908
ERR475480,fold_4,0.12697384678989762,0.29506886396791665,0.3034435605046212,0.22359515457487467,0.05091857416269004
ERR475487,fold_4,0.09764879666764427,0.2652890021558885,0.4347751002524748,0.12436790453078903,0.07791919639320335
ERR475488,fold_4,0.1417094572592322,0.35236632139536506,0.3647308272552766,0.08377339317647882,0.05742000091364748
ERR475494,fold_4,0.11506369206454971,0.3984213467619789,0.34316509490800934,0.09828798303882004,0.0450618832266419
ERR475514,fold_4,0.13836228429855454,0.2704719502973617,0.46934554866354006,0.0594198375838841,0.06240037915665939
ERR475522,fold_4,0.19297972729298385,0.27791746428528347,0.3984080058455052,0.08556914899043248,0.04512565358579506
ERR475540,fold_4,0.09990657320701551,0.5987062438463902,0.2065282751318078,0.07733390212735695,0.017525005687429648
ERR475564,fold_4,0.16007251546950207,0.29109667788119914,0.29419562915901554,0.19265277822666327,0.06198239926361976
ERR475565,fold_4,0.1903828570790189,0.3828914143948224,0.31785590568711364,0.06369793923171546,0.045171883607329794
ERR475570,fold_4,0.1389507019550862,0.3503233176027735,0.4084060339677763,0.06441721881673819,0.03790272765762585
ERR475579,fold_4,0.09596429941545093,0.4715390232279307,0.267186519881256,0.11561568401798716,0.04969447345737485
ERR475591,fold_4,0.11146414564404965,0.49735338743248997,0.27985853419079487,0.07315972747057976,0.038164205262086054
ERR5009480,fold_4,0.028418518501277586,0.0947801167265539,0.37386990282177857,0.49362283075358004,0.009308631196810059
ERR5009481,fold_4,0.035654605123574316,0.08620170763826096,0.445647553931486,0.4237027831875835,0.008793350119095177
ERR5009501,fold_4,0.025933625928505656,0.08916021756679085,0.38397205606138235,0.4956498056487845,0.0052842947945367
ERR5009564,fold_4,0.02171228670871057,0.074140300821661,0.2514663589833408,0.6459251180283664,0.006755935457920082
ERR5009597,fold_4,0.03038937305657814,0.07125268546250392,0.23057734490807608,0.6541696037144841,0.013610992858357008
ERR5009604,fold_4,0.01240959945651337,0.05991388570805536,0.2442746136222979,0.6766538906086403,0.00674801060449232
ERR5009622,fold_4,0.02928452759478305,0.07791670131833459,0.2751861575109546,0.6103797825849746,0.007232830990952763
ERR5009639,fold_4,0.01720758451504054,0.08286684251529644,0.3119030251623141,0.5728980785387068,0.015124469268641588
ERR5009640,fold_4,0.026096220082677597,0.06847792747169643,0.3151122900718229,0.5837973408432455,0.006516221530557947
ERR5009646,fold_4,0.018739437376874488,0.07811967556852743,0.32553414456729174,0.570820132732364,0.006786609754943084
ERR5009651,fold_4,0.027767141386515724,0.07088615276208185,0.23218984505867873,0.6584693628797786,0.010687497912944101
ERR5009665,fold_4,0.018549535720234288,0.05674382576263295,0.25396836714410753,0.6640820588519121,0.006656212521111925
ERR5009677,fold_4,0.01350210641744935,0.06166617151805125,0.24704747831168067,0.6705653137531074,0.007218929999710047
ERR5009693,fold_4,0.011691903543751592,0.05755519696329885,0.2250884837464702,0.6985845478924599,0.007079867854018056
ERR5009711,fold_4,0.02838475844938884,0.06259335865197359,0.2293766553564014,0.6703478833314093,0.009297344210825929
ERR5009712,fold_4,0.013846116728022412,0.05863120690505218,0.24258485958581882,0.6744410237386005,0.010496793042505222
ERR5009721,fold_4,0.013186901873710787,0.059913188038964386,0.2884245738603547,0.6320416262749962,0.00643370995197317
ERR5009735,fold_4,0.01446217009254383,0.06707929388521071,0.28953755415851407,0.6230291350525856,0.005891846811145003
ERR5009745,fold_4,0.03096784807388072,0.07473224720910479,0.29149158527400343,0.5924320430099981,0.01037627643301291
ERR674101,fold_4,0.13244626970770884,0.46565425598720434,0.28007047794468704,0.10348431875516242,0.018344677605237884
ERR674137,fold_4,0.11974448977205909,0.4675533175561963,0.29289268270985364,0.08521178091952009,0.03459772904237144
ERR674145,fold_4,0.07051058173207927,0.398875473527146,0.27525988341555047,0.23483652347107997,0.020517537854144383
ERR674150,fold_4,0.111080141889425,0.45768457868673557,0.2862694792383254,0.11566944833729512,0.029296351848219177
ERR674165,fold_4,0.08895553158858804,0.5997871157387624,0.2208957734174868,0.05822507417523638,0.03213650507992642
ERR674166,fold_4,0.0836592628394039,0.6827024362614965,0.16905133996153093,0.04220744978299821,0.022379511154569976
ERR674168,fold_4,0.10413491706652034,0.3500684347923376,0.24179900014111336,0.23824875507625604,0.06574889292377273
SRR10305367,fold_4,0.04681518802301656,0.18394573507971226,0.2481052581309174,0.1412427772955336,0.37989104147082037
SRR10305384,fold_4,0.08960909252153934,0.27034411526867935,0.24143769858868178,0.10699957721354579,0.29160951640755384
SRR10305394,fold_4,0.06099502656741908,0.3035515087730121,0.26974969309856933,0.1509007462231851,0.21480302533781448
SRR10305398,fold_4,0.07341548886174094,0.2887940323278062,0.26946014800205875,0.1460628551213857,0.22226747568700822
SRR10305399,fold_4,0.07409622902270574,0.19020146557595113,0.3029965062029996,0.13664943930424117,0.29605635989410184
SRR10305403,fold_4,0.08301469105582222,0.16879075258842224,0.25639056442891717,0.16362886960624337,0.32817512232059515
SRR10305404,fold_4,0.05897019361289116,0.28964343105687257,0.24627950745257185,0.09530021581507031,0.30980665206259367
SRR10305405,fold_4,0.04072931666303568,0.20738090775572557,0.2585326706487665,0.13208657380498254,0.3612705311274901
SRR10442270,fold_4,0.3219875066769253,0.3142231065823165,0.23449007614243325,0.10328780853499193,0.026011502063333327
SRR10442276,fold_4,0.585231533156161,0.14122416285696268,0.16686531673659644,0.08886764347812016,0.01781134377215937
SRR10442290,fold_4,0.7059465635062093,0.11775802107634623,0.11948634625739753,0.04881405053769758,0.007995018622348958
SRR10442302,fold_4,0.27511496559614346,0.3079483694036361,0.24079131615289082,0.14785939927158082,0.028285949575748967
SRR10442303,fold_4,0.6101854169959308,0.15999932469780015,0.14769595942109948,0.06367109199112486,0.018448206894044496
SRR10442304,fold_4,0.6381106511068763,0.17403234704042825,0.13218721578386008,0.04234338752667186,0.013326398542162983
SRR10442305,fold_4,0.6552712172539903,0.14594330039068654,0.14469559328387957,0.041333921545344876,0.012755967526097842
SRR10442308,fold_4,0.679636314640937,0.13780644982892226,0.12894579719782284,0.044348352628376816,0.00926308570394073
SRR10442311,fold_4,0.6823727654382051,0.12632160798838765,0.12912649580134816,0.05237273771372096,0.009806393058336851
SRR10442312,fold_4,0.6403187499678422,0.15222941766657838,0.14843923398914458,0.04815636467131274,0.010856233705122469
SRR10442313,fold_4,0.6362216841834732,0.13938404022757558,0.14934466935955468,0.06457331858858396,0.010476287640811903
SRR10442318,fold_4,0.5916345309282124,0.1619210259123314,0.1546797473101457,0.08158198744929321,0.010182708400017336
SRR10442319,fold_4,0.740028611759781,0.1000281374723996,0.10928612761721092,0.03628940929244481,0.014367713858163475
SRR10442329,fold_4,0.71148032512049,0.11822591397423042,0.12342995344607775,0.04078561372708423,0.0060781937321168975
SRR10442330,fold_4,0.6988498700267771,0.15193002140722653,0.1128705940323406,0.029457145559219782,0.006892368974435831
SRR10442331,fold_4,0.7289095726939228,0.1302157752174458,0.11180917285712166,0.023363630864523293,0.005701848366986597
SRR10442335,fold_4,0.761378559573406,0.105672847537185,0.09872061271535851,0.024741980139753098,0.009486000034297013
SRR10442337,fold_4,0.7056061078681054,0.11276623315042596,0.12710939179355554,0.04391698302699051,0.0106012841609218
SRR10442351,fold_4,0.6830412758978766,0.14210025522791225,0.11973356187871705,0.04290513655048674,0.012219770445007645
SRR10442354,fold_4,0.6458467249785783,0.18500431363298633,0.12639479501618528,0.03403904698063512,0.008715119391614727
SRR10442358,fold_4,0.7346672266506784,0.1221333302361343,0.11152988427496675,0.024057649349261044,0.00761190948895922
SRR10442360,fold_4,0.7719267220621326,0.10729829372696176,0.09863560531805142,0.016834995196042583,0.005304383696811031
SRR10442362,fold_4,0.6714898006309573,0.14851213316647502,0.12709834469976108,0.043006754619311006,0.009892966883495143
SRR10442364,fold_4,0.44712499653274507,0.25243272113929627,0.20985206179033672,0.07071958070450104,0.019870639833120877
SRR10442367,fold_4,0.47227207991743053,0.2086830816466448,0.2163835798263505,0.08272566392989343,0.019935594679680823
SRR10442370,fold_4,0.43027107936377784,0.24029367631671486,0.23611845958580122,0.07410285605291088,0.01921392868079531
SRR10442376,fold_4,0.5211805339193067,0.22163114802003966,0.18246725585423468,0.059275395825687915,0.01544566638073117
SRR10442379,fold_4,0.4978999784235118,0.2018637379576876,0.2003524621002366,0.07337663715255917,0.02650718436600454
SRR10442380,fold_4,0.49583423732288195,0.21842250044734565,0.18962325381703127,0.0773261120715779,0.01879389634116357
SRR10442381,fold_4,0.5557858187077414,0.18225502710946906,0.1903311452373033,0.050789046677042544,0.02083896226844453
SRR10442385,fold_4,0.3376119151149468,0.25539027774695167,0.24425415106542558,0.1296854457721562,0.033058210300519475
SRR10442388,fold_4,0.5272906238079501,0.20707099551361952,0.19446761412456595,0.057034780293112715,0.014135986260751987
SRR10442390,fold_4,0.4354573235258266,0.284924307271972,0.18716662362946387,0.07810744145368309,0.014344304119054142
SRR1999120,fold_4,0.706518446657441,0.06122359383263979,0.13738652796162518,0.06816309791888894,0.026708333629404613
SRR1999131,fold_4,0.5979066785076232,0.0731418093053946,0.1646903620816464,0.12440287781296742,0.03985827229236892
SRR1999140,fold_4,0.7016145175942452,0.07252146351171693,0.13995969239132006,0.05591882955731118,0.02998549694540691
SRR1999143,fold_4,0.33845617412794005,0.15288202070585094,0.22385344317125372,0.22535508955123348,0.05945327244372217
SRR1999151,fold_4,0.5948781704429562,0.072210795002211,0.18554087166461936,0.10680341466121042,0.04056674822900332
SRR1999153,fold_4,0.5509293192530659,0.09938142835484219,0.1752719340753758,0.12155412874555489,0.052863189571161366
SRR1999161,fold_4,0.5698236338483532,0.0871315963194384,0.1660524290922378,0.13528232473083857,0.04171001600913197
SRR1999178,fold_4,0.6346582264286279,0.06810349179930687,0.15274188013333842,0.09204001614694263,0.05245638549178479
SRR1999184,fold_4,0.6891763847741941,0.07047149646254894,0.14901916617269909,0.057997516673217675,0.033335435917340867
SRR1999185,fold_4,0.6641640619910465,0.07793018963341253,0.15921858754801285,0.0591065278298979,0.039580632997630205
SRR1999187,fold_4,0.5803951364458111,0.10996006085497663,0.17131596993331383,0.08850280317614942,0.0498260295897489
SRR1999207,fold_4,0.4849809250116516,0.12567139236288435,0.19553399915488184,0.1436188608706601,0.05019482259992216
SRR1999208,fold_4,0.6453551027226031,0.08100523724535819,0.1606127635292553,0.07593780046475646,0.03708909603802741
SRR2143527,fold_4,0.08962152747727047,0.28505892061268245,0.3189830525175799,0.27820090611058,0.028135593281887812
SRR2143555,fold_4,0.12958303521216163,0.283243794929039,0.28063931554335836,0.2792762633020906,0.027257591013350364
SRR2143558,fold_4,0.09397972355654204,0.3793453855924796,0.30451191948550843,0.20062939136054667,0.021533580004923683
SRR2143649,fold_4,0.07426183696477782,0.39190294741092235,0.3305788781040199,0.17296754765488637,0.030288789865393642
SRR2143759,fold_4,0.09011194755938844,0.4177700091131678,0.2792714064691712,0.18061547292497235,0.03223116393330036
SRR2143761,fold_4,0.0658361310039759,0.47944377183881703,0.22476183141920275,0.20167201237638532,0.02828625336161924
SRR2143764,fold_4,0.07915482687654571,0.21995764765514728,0.2916395665746987,0.3781744247815463,0.031073534112062193
SRR2143813,fold_4,0.10885042150591286,0.47763101353815224,0.2706542126397735,0.11496494679144927,0.027899405524712956
SRR2143828,fold_4,0.04394746923994933,0.3468979704717197,0.27042541774024415,0.3155355067091527,0.023193635838934794
SRR2143888,fold_4,0.09911832681068697,0.3435874416021384,0.33383580706470584,0.20439457625063956,0.01906384827182919
SRR2143899,fold_4,0.07665725262606822,0.2793709095640452,0.3026308701535149,0.3224387125770123,0.018902255079360008
SRR2143925,fold_4,0.08669096935302534,0.3892516823304761,0.3149484766288902,0.18317398865962803,0.025934883027980724
SRR2143928,fold_4,0.17631708973559543,0.3921126487331088,0.25705191503049635,0.1577272988184555,0.016791047682343987
SRR2143967,fold_4,0.08627089326666974,0.355872732497431,0.2878818725846324,0.24719713555639786,0.022777366094869043
SRR2143998,fold_4,0.046903347514231974,0.5155814556337098,0.2642543017120002,0.1556870494043792,0.01757384573567988
SRR2143999,fold_4,0.07980776355004482,0.3939992503795854,0.30724013883494955,0.19834065476535256,0.02061219247006842
SRR2144009,fold_4,0.07326650674917788,0.4174574728373042,0.2701089293966956,0.22202228288673267,0.01714480813009003
SRR2144021,fold_4,0.09758232069729017,0.24765812436692516,0.3014321897611843,0.31549795566734906,0.03782940950725155
SRR2144129,fold_4,0.11604520335266423,0.3947742551655629,0.29303223604869283,0.17129556978685534,0.02485273564622476
SRR22682322,fold_4,0.05872614125686492,0.2983345465471355,0.24596733895704723,0.06149848170513039,0.3354734915338218
SRR22682550,fold_4,0.0253915111773896,0.138710697167219,0.2624060334713467,0.5304650348973418,0.04302672328670319
SRR22682553,fold_4,0.056620096114505684,0.22498866240823334,0.26469445772779665,0.0514748899957457,0.4022218937537186
SRR2761300,fold_4,0.029518335566821603,0.10677689284882605,0.2470706796318488,0.6011498905872534,0.015484201365249509
SRR30050020,fold_4,0.07230148635335688,0.16487299354788054,0.2721277234701739,0.46253374579913825,0.02816405082945108
SRR30050022,fold_4,0.08715838696250841,0.18876894979350559,0.29133014881471003,0.3937490561696947,0.038993458259581754
SRR30050045,fold_4,0.04320233493372045,0.12229981163067988,0.26221515745834606,0.5387595153132413,0.033523180664012414
SRR30050096,fold_4,0.039379252907766685,0.13820211110543643,0.244117548217977,0.5629929428228583,0.015308144945961897
SRR30050117,fold_4,0.1418278204725568,0.22473037499291273,0.2697040658888372,0.30844635842815565,0.055291380217538225
SRR30050119,fold_4,0.10704305497512265,0.1728189419091689,0.2708912993571723,0.3770793532811912,0.0721673504773455
SRR30050128,fold_4,0.07553623963655866,0.23014347357168086,0.2597700114406686,0.4056795320303323,0.02887074332076001
SRR3361480,fold_4,0.09588862688225773,0.36998306206144366,0.3106228403070331,0.1682613472077599,0.05524412354150639
SRR3361489,fold_4,0.07665031994969024,0.34716976301474434,0.2737076811142847,0.2634511999075836,0.039021036013697295
SRR3361501,fold_4,0.08179385386445773,0.2592036614030306,0.2828126914392677,0.3315490341080307,0.04464075918521394
SRR3361527,fold_4,0.06355580006349085,0.48112832707765485,0.2712970927436655,0.1537550137017628,0.030263766413426672
SRR3361528,fold_4,0.056955970548442,0.3962228012364393,0.2921769233455655,0.22817254150650026,0.026471763363052996
SRR3361531,fold_4,0.11209452857497933,0.3995217110571836,0.28037612751627145,0.1590962139399145,0.048911418911651156
SRR3361563,fold_4,0.056016253801867165,0.30719838483966216,0.2655712216134522,0.3249630374307374,0.04625110231428157
SRR3361652,fold_4,0.04084671902187886,0.4205693189718767,0.2593952212725355,0.248325940756757,0.03086279997695229
SRR3361683,fold_4,0.06714985755411612,0.38821757195561585,0.35007657301030803,0.1655804836485103,0.028975513831450205
SRR3361687,fold_4,0.05527097890942001,0.24841770681692998,0.2743040486721914,0.38842218515560273,0.033585080445856105
SRR3361694,fold_4,0.04118285959847013,0.3721355148816443,0.28672665661266983,0.27502386266417717,0.024931106243038764
SRR3361695,fold_4,0.05964843272699116,0.39400311642718633,0.292124319876884,0.22149020489040666,0.03273392607853207
SRR3362059,fold_4,0.052697612625194006,0.3888188430602579,0.2619994777772023,0.24760298719257656,0.04888107934476931
SRR3362071,fold_4,0.0988685316186827,0.4166921450812992,0.2855114514260084,0.1266448729106917,0.07228299896331845
SRR3362138,fold_4,0.07625921017400634,0.2985513025974316,0.30104680323870786,0.2548428065503017,0.06929987743955192
SRR3362147,fold_4,0.05521318045290526,0.2876770008759055,0.3151606928999388,0.3133970814702169,0.02855204430103368
SRR3362162,fold_4,0.06539506218333693,0.5294751526477306,0.28130086292692047,0.09763055687312339,0.02619836536888858
SRR3362275,fold_4,0.06911150915274018,0.33420345152113384,0.3291766894237586,0.23042251856218424,0.03708583134018324
SRR3362291,fold_4,0.0659755424579183,0.4610703221737252,0.3078673751653048,0.13977149846198697,0.025315261741064767
SRR3666996,fold_4,0.04254899876692348,0.28675698116349563,0.20900463710031755,0.04183449097592283,0.4198548919933405
SRR5762486,fold_4,0.0851191773925903,0.22393739750651806,0.28372125505643025,0.3828285866348757,0.024393583409586153
SRR5762488,fold_4,0.0979924406163467,0.21634890852297198,0.33007987631562047,0.3156086905391361,0.039970084005924666
SRR5762490,fold_4,0.11613446826703623,0.24460709596162175,0.2722496309693145,0.3324669804128274,0.034541824389200906
SRR5762499,fold_4,0.07656785974219736,0.27532774411809985,0.32349117859354154,0.2946243195435403,0.02998889800262088
SRR5762503,fold_4,0.06799553535719538,0.30137894491021233,0.33477603225063274,0.2705731036103448,0.025276383871615002
SRR5762513,fold_4,0.05796100453484105,0.22384180326920042,0.2939659932384474,0.3875829395235713,0.03664825943393963
SRR5762555,fold_4,0.10452611856646776,0.2464093858949883,0.326998451820021,0.29827011439350753,0.023795929325015796
SRR5762556,fold_4,0.06164663161540241,0.21863949483113632,0.28688635319950645,0.4035008605654559,0.02932665978849919
SRR6299722,fold_4,0.026436112877476083,0.11244811059474835,0.25328005015054306,0.5919152016071116,0.015920524770120587
SRR6299725,fold_4,0.06426554494338894,0.19368342212028752,0.2837326641980639,0.42984332074462667,0.028475047993633252
SRR6299728,fold_4,0.05024656101939015,0.1883626585060511,0.24349597174885224,0.48142663464695656,0.036468174078750755
SRR6299739,fold_4,0.030133519255582275,0.15943891786575343,0.26228262361080373,0.5246190375563861,0.023525901711474936
SRR6299759,fold_4,0.025352384041393793,0.09860727182400222,0.23791425172775493,0.6204607636903818,0.017665328716466346
SRR6299762,fold_4,0.02869759390385476,0.11987364529498357,0.23775561146845842,0.6000599742584611,0.013613175074241726
SRR6299774,fold_4,0.06055536772591472,0.2147991215883032,0.26973670866678806,0.42677473560161394,0.028134066417380352
SRR6299785,fold_4,0.02697314008603063,0.13504577929329917,0.24684304249354685,0.569464954023886,0.02167308410323731
SRR6299788,fold_4,0.022890326996893064,0.10745307870366257,0.22656893303838518,0.6226162371785644,0.02047142408249472
SRR6299805,fold_4,0.02908378491073211,0.1456822113227233,0.2412460194809579,0.5630994835567257,0.020888500728860743
SRR6299811,fold_4,0.039834026368488554,0.16742019818772597,0.2518857164710172,0.5117270223233763,0.02913303664939201
SRR6299821,fold_4,0.023058263007771897,0.10420155886517803,0.2245701614327866,0.6357020538718884,0.01246796282237462
SRR6299849,fold_4,0.08248137426314282,0.2718604804419353,0.2881945823507019,0.316459027594423,0.04100453534979695
SRR6299859,fold_4,0.12920385688055475,0.3143658144295785,0.28427063625926746,0.24071348950488497,0.03144620292571473
SRR6299900,fold_4,0.07680162588200364,0.30381824653117373,0.35294563502846876,0.23607714546651637,0.030357347091837402
SRR6299925,fold_4,0.0780446599166146,0.27858532034244143,0.2913819309132624,0.3214626867261257,0.03052540210155626
SRR6299927,fold_4,0.04634152658711279,0.21773296956200472,0.2648531088213828,0.450700543224473,0.02037185180502699
SRR6299930,fold_4,0.09212449024969348,0.28050709096786247,0.3148882896448043,0.2667970828768148,0.045683046260824825
SRR6299966,fold_4,0.06472523002567787,0.2953171829204111,0.25086465041417494,0.36853451915613394,0.020558417483602022
SRR6299989,fold_4,0.06466868150590321,0.17708930954227117,0.26060377158284387,0.47603173588249265,0.021606501486489738
SRR6300008,fold_4,0.04226950159724745,0.1963760096183493,0.2634307333928045,0.47303385587404695,0.024889899517552376
SRR6300034,fold_4,0.09243555389285298,0.19836828621828306,0.28713048492945936,0.3859433667973668,0.036122308162037826
SRR6300038,fold_4,0.016841140172241018,0.09592547491613765,0.2264645773524741,0.6446960000029718,0.016072807556174525
SRR6300042,fold_4,0.053553446465615336,0.20926586258059354,0.2705333010760309,0.44364869437709736,0.02299869550066307
SRR6300052,fold_4,0.07871416491496587,0.3477708588541035,0.29518991062357025,0.24745419700718496,0.0308708686001752
SRR6300067,fold_4,0.05820358717926225,0.26704731212283983,0.26372505196214086,0.3853511924217225,0.025672856314035104
SRR6300073,fold_4,0.025619898668736617,0.14524552190810483,0.23494594087881107,0.5780020199416466,0.01618661860270035
SRR6300085,fold_4,0.05524942103232136,0.2384167858557447,0.27611471141773314,0.4075978997801386,0.022621181914062524
SRR6300086,fold_4,0.1229753435007196,0.22368688178613497,0.24341977033337608,0.3898913196614661,0.02002668471830346
SRR6300106,fold_4,0.05177090956486577,0.2942579473119043,0.2995971850210574,0.32812236953475876,0.026251588567414053
SRR6300122,fold_4,0.040349026315593776,0.169864046566434,0.2330299366070261,0.5390474430300867,0.017709547480859913
SRR6300129,fold_4,0.03634499923698415,0.14141631988800202,0.23312354561251536,0.5611137277989501,0.0280014074635486
SRR6300138,fold_4,0.03485706829440249,0.16785216466030145,0.24907851723007748,0.5239732190068674,0.02423903080835154
SRR8534084,fold_4,0.08705041213902127,0.1882701233113918,0.4050243478008509,0.12451422099053203,0.1951408957582039
SRR8534225,fold_4,0.07265568112500093,0.22264954353110725,0.36917650285042014,0.20434134612145455,0.13117692637201728
SRR8534238,fold_4,0.03099952435213225,0.14467271546942198,0.2437847100044731,0.5132101592997043,0.06733289087426853
SRR8534240,fold_4,0.06696988074864231,0.24354417931459998,0.38931222235468993,0.1368442929373947,0.1633294246446733
SRR8534245,fold_4,0.07578896802640832,0.15491833625606852,0.3542267445493427,0.1874777901357261,0.22758816103245447
SRR9160236,fold_4,0.04141583945129715,0.1454659539890124,0.2077491620316866,0.04387269063087645,0.5614963538971273
SRR9160238,fold_4,0.03998307588937826,0.0840425800826328,0.1756526578407869,0.038427660462552915,0.6618940257246488
SRR9160241,fold_4,0.03759905487735912,0.23953339523015715,0.17245816138446482,0.04796678515258237,0.5024426033554362
SRR9160259,fold_4,0.021613986024465008,0.10640245258160545,0.1377005405025754,0.015265334681042958,0.7190176862103108
SRR9160263,fold_4,0.04544437984931387,0.1567531172312143,0.17790499869877105,0.05199523720682753,0.5679022670138736
SRR9160264,fold_4,0.04789782173490567,0.1618019664328827,0.24415188275729108,0.375316141780512,0.17083218729440866
SRR9160266,fold_4,0.03531240783312065,0.12941764416378188,0.15896219105555692,0.017570601716662672,0.6587371552308777
SRR9160275,fold_4,0.030972093026779602,0.1110039801522933,0.1555867867813787,0.019280492084741203,0.6831566479548067
SRR9160280,fold_4,0.031518943883947034,0.1468283649802284,0.2425184552849033,0.46393127434370934,0.1152029615072126
SRR9160293,fold_4,0.035231833674717904,0.09721234977440381,0.19000066958028702,0.10815517998225788,0.5693999669883332
SRR9160305,fold_4,0.07321264093130378,0.17441268191797657,0.2092416119892322,0.09817682685384205,0.44495623830764564
SRR9160307,fold_4,0.035848861732733356,0.14855659215166558,0.16982666048101228,0.022916239629072545,0.622851646005516
SRR9160316,fold_4,0.08236982871080217,0.1347640669492728,0.21921616727372645,0.0632926875079319,0.5003572495582669
SRR9160319,fold_4,0.020981847489306135,0.05924814828193978,0.08123312483151321,0.010018475382750303,0.8285184040144903
SRR9160325,fold_4,0.044271084751613544,0.2288489842783377,0.21029979318234537,0.11321806409482084,0.40336207369288263
SRR9160327,fold_4,0.021646069601628595,0.09170420968031565,0.15318680693517522,0.07822136771279661,0.6552415460700838
SRR9160329,fold_4,0.018587376918670705,0.05871703402078405,0.11584815167806761,0.02120194601524866,0.7856454913672293
SRR9160332,fold_4,0.05527750184754,0.1679515367530942,0.23894675884125677,0.26639647345519524,0.2714277291029139
SRR9160344,fold_4,0.027408603137531858,0.13178456543419145,0.15948405006293978,0.04935402720190636,0.631968754163431
SRR9160345,fold_4,0.05257498781349189,0.24590940902951006,0.14963973348378584,0.048217411533016445,0.5036584581401956
SRR9160347,fold_4,0.011801622089133254,0.06620856717016708,0.11125524846519157,0.029177535972656828,0.7815570263028512
SRR9160349,fold_4,0.024823123764764848,0.11434446292894732,0.13621226127780364,0.01770846423675695,0.7069116877917265
SRR9160358,fold_4,0.02904740389969262,0.1684625083955067,0.19585312724792794,0.07332754315959679,0.5333094172972758
SRR9160360,fold_4,0.04850061629843201,0.15953582585711842,0.23538542268938065,0.2324681989492033,0.3241099362058654
ERR1368880,fold_5,0.02762297159814437,0.08929754087807104,0.316458000439238,0.5572109152199205,0.009410571864626103
ERR1368891,fold_5,0.014290700257427713,0.07529938072769905,0.2665830988060345,0.635840341345961,0.00798647886287835
ERR1368904,fold_5,0.02658559144388622,0.07635193253050324,0.32754361879061655,0.5594442725426826,0.01007458469231191
ERR1368906,fold_5,0.02270878110511371,0.12507085766306567,0.4174999486474432,0.42671420547031497,0.008006207114062733
ERR1368914,fold_5,0.012710053083205849,0.06857708998016399,0.3190585765693859,0.5884358348070463,0.011218445560197769
ERR1368915,fold_5,0.019876343846265798,0.09079118358505028,0.38268386101408336,0.4968262103316908,0.00982240122291051
ERR1368921,fold_5,0.0322744019388666,0.10188811435219791,0.4002545989257132,0.4571798492307174,0.008403035552504849
ERR1368937,fold_5,0.040613162457807085,0.11901037487041839,0.301165509533491,0.5270043022240946,0.012206650914188865
ERR1368941,fold_5,0.01891811652473243,0.060815600163623154,0.2720438708761412,0.6260244182741879,0.022197994161316043
ERR1368949,fold_5,0.02128322812336216,0.09088859811916757,0.37702861289264966,0.49991034061939266,0.010889220245428063
ERR1368967,fold_5,0.028007730231377148,0.09490887302971812,0.36271027261384003,0.5074360229512462,0.006937101173819052
ERR1368987,fold_5,0.027717849214524984,0.07428745409171414,0.33328274922152745,0.5518105018649022,0.012901445607331618
ERR1369020,fold_5,0.016544954427745975,0.06483054124677425,0.2643618372385092,0.6451082542020545,0.009154412884916321
ERR1369029,fold_5,0.02507844015373245,0.06554187787235094,0.37032294397073595,0.5303217629961041,0.008734975007077268
ERR1369035,fold_5,0.022651828586519242,0.07647981906599285,0.3303797347662481,0.5611877037298256,0.009300913851414032
ERR1369041,fold_5,0.012817079216167714,0.05683203150457463,0.2460635371550422,0.6761109948206503,0.008176357303565418
ERR1369049,fold_5,0.02565665072169138,0.09707728315077913,0.3806541541629997,0.488399903050964,0.008212008913566491
ERR1369062,fold_5,0.013797544936249323,0.05656152927113361,0.2252771816473996,0.6961090375460438,0.008254706599173671
ERR1369074,fold_5,0.02282081583827951,0.11035766469964824,0.30130362694118845,0.5560686627302299,0.009449229790654419
ERR1369075,fold_5,0.0188028689501492,0.07919653129100623,0.3495956898592684,0.5452314105308659,0.00717349936871049
ERR1369086,fold_5,0.02537065893937597,0.09545568805181331,0.3696721908629197,0.4987930892843105,0.010708372861581187
ERR1369093,fold_5,0.026152991130710436,0.07507910099477824,0.40037156100596233,0.49116465599347986,0.0072316908750690795
ERR1369104,fold_5,0.02476222630705322,0.07709175002881039,0.37037310520510797,0.5211906532783706,0.006582265180657989
ERR1369114,fold_5,0.011918895538139504,0.05942414704443756,0.2538059841657665,0.6651857934575903,0.009665179794066503
ERR1369123,fold_5,0.031711409801673564,0.0876704143674098,0.3909822093563988,0.48209116904439797,0.007544797430119603
ERR1369124,fold_5,0.019293536381042798,0.06146430743420333,0.33751198469612936,0.5687665634745465,0.012963608014078486
ERR1369125,fold_5,0.02734141217745918,0.09346269860706888,0.33451496568440586,0.5332692995900046,0.011411623941061471
ERR1369139,fold_5,0.01300295052545959,0.06508586528215828,0.22819891315739502,0.6837220623744219,0.00999020866056544
ERR1369140,fold_5,0.01875208027554931,0.06312450888927439,0.3538934547742751,0.553805675820675,0.010424280240226493
ERR1369145,fold_5,0.011862673641670887,0.058294109829392295,0.2205496797028626,0.6999998098218907,0.009293727004183613
ERR1369172,fold_5,0.01249048781660143,0.06635369800400834,0.26226113092155684,0.6471272273701425,0.01176745588769084
ERR1369174,fold_5,0.017801846356971122,0.05853970710168095,0.3746966019018993,0.5397555522329572,0.00920629240649181
ERR1369183,fold_5,0.01719897124448949,0.10182020512120067,0.41840924407095126,0.44744850336325365,0.015123076200105808
ERR1369211,fold_5,0.04618168771096851,0.11788768872588112,0.3315287993678902,0.490177808851665,0.014224015343595266
ERR1369227,fold_5,0.03241427948359411,0.10675050335200742,0.3474563107402081,0.49446634273676626,0.018912563687424024
ERR1369229,fold_5,0.02019413573513831,0.07255662005416251,0.25579698949583163,0.6404145228471448,0.01103773186772289
ERR1369232,fold_5,0.015919442175862223,0.07832370905635704,0.3854032683980572,0.5111939432942619,0.009159637075462175
ERR1369241,fold_5,0.02261765870870444,0.06277481356026834,0.2512665460346221,0.6498328205607792,0.013508161135626055
ERR1369248,fold_5,0.011235489267651527,0.06575348721427292,0.39295907061342994,0.5196663158862811,0.01038563701836467
ERR1369249,fold_5,0.017136027125636423,0.07120621706080907,0.2591364085914579,0.6385828266877331,0.01393852053436371
ERR1369298,fold_5,0.01923213143040432,0.06445929815718635,0.40332505646270483,0.5017252284933,0.011258285456404662
ERR1369310,fold_5,0.016113601095959707,0.06972908707874854,0.49242187053523007,0.41573510218122955,0.006000339108832396
ERR1369332,fold_5,0.011030689187107715,0.06105986495452478,0.30610882490983626,0.613205596218349,0.008595024730181925
ERR1369347,fold_5,0.011445478742347873,0.07000426722832616,0.296111636963333,0.6139085204094141,0.008530096656579228
ERR1369356,fold_5,0.011596479133831352,0.06416548466337645,0.3954764014946306,0.5218620549631064,0.006899579745055502
ERR1369408,fold_5,0.017182142019446747,0.06764986529725313,0.35599057573972376,0.5514459888168843,0.007731428126692438
ERR1369429,fold_5,0.024023016529147487,0.09029249697329542,0.312275218112274,0.5555840099884278,0.01782525839685533
ERR1369442,fold_5,0.021762505008091664,0.08568802315037223,0.474665127141066,0.40774388523353783,0.010140459466932846
ERR1369443,fold_5,0.017066020086129553,0.09115757439166405,0.4595233874926143,0.4210864120634064,0.01116660596618639
ERR1369467,fold_5,0.014317698224787028,0.06710308230649073,0.23604612179157222,0.6729196340328325,0.00961346364431761
ERR1369503,fold_5,0.01204878848256802,0.06832096656997849,0.3091679910162863,0.5997163235783622,0.010745930352804979
ERR1369520,fold_5,0.013893133073811499,0.06370568208256841,0.35308079637707995,0.561515687306081,0.007804701160459734
ERR1369526,fold_5,0.014101011284292036,0.06700262794126034,0.254701328245321,0.6546768128409817,0.009518219688145053
ERR1369550,fold_5,0.014175959280857115,0.07232546649558519,0.3309236577335757,0.5741767078606785,0.008398208629303575
ERR1369561,fold_5,0.021650674120674115,0.0938418986724212,0.3704573002515099,0.501775327064428,0.012274799890967004
ERR1369566,fold_5,0.014380406985441472,0.07315869594837138,0.28457318761921097,0.6196123500272374,0.008275359419739411
ERR1369641,fold_5,0.01582132172996433,0.07986020867279153,0.356419481409489,0.5399504261327747,0.007948562054980625
ERR1369645,fold_5,0.013491373945517367,0.0630657503839438,0.35749614172413063,0.5585091141159026,0.007437619830505878
ERR1369668,fold_5,0.027745513127628504,0.07422791684309271,0.4967085202680427,0.3942106903138438,0.007107359447392543
ERR1369691,fold_5,0.015776097447422126,0.07248161888910304,0.42462576610399194,0.4742122106306038,0.012904306928879188
ERR1369701,fold_5,0.01387378694350326,0.07572984739930545,0.23924706073215454,0.6567265722604505,0.014422732664586074
ERR1369705,fold_5,0.026081869235858843,0.10435606333003901,0.49869915459949077,0.3610704952998447,0.0097924175347671
ERR1369868,fold_5,0.012845117513179568,0.05808927097036266,0.428511857507292,0.4912144249108688,0.009339329098297022
ERR1369869,fold_5,0.012866016666385139,0.06773513911080205,0.30955376938724366,0.6004127096355824,0.00943236519998661
ERR1369886,fold_5,0.01676857979575984,0.08273962239752435,0.5302478184959639,0.36081057418877943,0.0094334051219728
ERR1369889,fold_5,0.015329639867611385,0.057872373047364575,0.4173532734514301,0.5025222854621209,0.006922428171473508
ERR1369895,fold_5,0.015787734354600357,0.08439910807482262,0.5014946473461962,0.39059276328737047,0.007725746937010899
ERR1369911,fold_5,0.025418497720019917,0.07937172114291555,0.3975213405570452,0.4911353220342145,0.006553118545805419
ERR1369912,fold_5,0.021647819418425862,0.09030844292936553,0.34185900245562434,0.5343378892322638,0.011846845964320842
ERR1369926,fold_5,0.015252822799556314,0.08594573151315833,0.44614191725278446,0.4418363033168066,0.010823225117694714
ERR1369935,fold_5,0.01877341041029757,0.06380615061240234,0.4790391041415027,0.4300700041287713,0.008311330707026039
ERR1369936,fold_5,0.012003201259888529,0.08446544671666549,0.38132850679039565,0.514389224554778,0.007813620678272872
ERR1369938,fold_5,0.016288660218454955,0.07169033791401708,0.3121556761383767,0.5903846257625682,0.009480699966582651
ERR1369940,fold_5,0.014323384124029124,0.0683489999939754,0.2647146281489288,0.6395099974517399,0.013102990281327003
ERR1369949,fold_5,0.014495803400420938,0.0713592102638579,0.45887405815342636,0.4466069820914945,0.00866394609080097
ERR1369980,fold_5,0.01998901503625706,0.07671947969490532,0.4998747141350366,0.394839358422949,0.008577432710853079
ERR1370023,fold_5,0.014269303176293354,0.06418039381784503,0.2768387289214307,0.6359795442927015,0.008732029791729113
ERR1370031,fold_5,0.01544412899365127,0.07732922852994191,0.397556012597586,0.5023856686037677,0.0072849612750538195
ERR1370053,fold_5,0.013863193919262959,0.0739882919081713,0.3650873313079138,0.5366201213021587,0.010441061562493493
ERR1370061,fold_5,0.015951154478654417,0.09236066320534606,0.4169736563954397,0.4660695522054098,0.008644973715150587
ERR1370067,fold_5,0.017399125987685008,0.06899557389859544,0.3709120023777367,0.5333954033112921,0.009297894424690872
ERR1370080,fold_5,0.014031356900697024,0.06682256694826987,0.2979146536351379,0.6081505928290171,0.013080829686877843
ERR1370084,fold_5,0.019771308698920825,0.12331568995116884,0.4746565102026233,0.37075863136002524,0.011497859787262083
ERR1370090,fold_5,0.014756704627667523,0.06681637330164304,0.32665134253679123,0.5842548743638297,0.007520705170068625
ERR1370096,fold_5,0.01465078896140666,0.07375751897439276,0.33929829057690764,0.564085046287654,0.0082083551996392
ERR1370098,fold_5,0.014672216923391735,0.0648789698631422,0.41358557554686115,0.4982262448644341,0.008636992802171421
ERR1370117,fold_5,0.028089431801328214,0.09947996882550074,0.498051177773045,0.3626238795842313,0.011755542015895083
ERR1370128,fold_5,0.03207650975518413,0.07924522289502002,0.27440983695587756,0.6011266703404152,0.01314176005350308
ERR1370143,fold_5,0.017974220128030575,0.06546711815034091,0.24951513355606436,0.6542849438227459,0.012758584342818563
ERR1370180,fold_5,0.016012127413378784,0.06952898380436079,0.23977980755435793,0.664653044927091,0.010026036300811477
ERR1370196,fold_5,0.011816288991901243,0.06515428816307646,0.35734608680647967,0.558641692194977,0.00704164384356676
ERR1370197,fold_5,0.016091690255246205,0.06981577586681052,0.32667659504333546,0.5788365240565423,0.00857941477806578
ERR1370201,fold_5,0.019757581362464364,0.08060375893783095,0.31518368398721686,0.561231755937383,0.023223219775104862
ERR1370267,fold_5,0.02968487956620872,0.0834485846908128,0.37314182680353203,0.5018287450920423,0.011895963847404744
ERR1370274,fold_5,0.030705843183770117,0.05251951618609324,0.39318702832340774,0.5146800986235167,0.008907513683212617
ERR1370350,fold_5,0.022684166358193085,0.05691711613148775,0.37362713579882784,0.530871856772459,0.01589972493903273
ERR1370374,fold_5,0.013404884928740228,0.062121483543755754,0.2700939889537476,0.6466104981066423,0.007769144467114667
ERR1370388,fold_5,0.015205279175304273,0.07768966647635789,0.27280150383873036,0.6219422582856785,0.01236129222392875
ERR1370399,fold_5,0.019833473093120405,0.05295867964722877,0.3081230045243189,0.6104724495990391,0.008612393136292423
ERR1370400,fold_5,0.01492991733193591,0.0627781797718208,0.2602958499132131,0.6497914428269873,0.012204610156043363
ERR1370401,fold_5,0.016489872444615306,0.0601199016100843,0.3661668218514481,0.550553228024606,0.006670176069246284
ERR1370402,fold_5,0.022608766914564666,0.08298198295828955,0.33668584868298984,0.5499635846250248,0.007759816819131276
ERR1370429,fold_5,0.017100546011561482,0.058142088503102256,0.34568190413719607,0.5722612077872549,0.006814253560885596
ERR1370452,fold_5,0.013928368544813751,0.058211059409714765,0.23091756003792868,0.6885655307239659,0.008377481283576916
ERR1370460,fold_5,0.016471506666313106,0.06348696766784008,0.2662777291533055,0.6443757326820364,0.009388063830504235
ERR1370472,fold_5,0.01812690570954676,0.07472249152407474,0.2565538589638783,0.6373221200748704,0.013274623727629577
ERR1370492,fold_5,0.01774364831942381,0.066526442050784,0.298913048397886,0.609594512349973,0.007222348881932829
ERR1370500,fold_5,0.017013151982774272,0.09557842581945952,0.37506153010554066,0.5045865006481337,0.0077603914440924964
ERR1370526,fold_5,0.012727463855181195,0.06205821836824938,0.22682683224541741,0.6893746276030771,0.009012857928074785
ERR1370533,fold_5,0.012607287648773393,0.06022691880340343,0.2273505452852791,0.6907395671740554,0.009075681088488679
ERR2172366,fold_5,0.015205720601928025,0.06196638475419499,0.4882009148218661,0.42837938500044037,0.006247594821570334
ERR2172379,fold_5,0.015284579303888657,0.06708169381633805,0.512096113750852,0.39927991104847027,0.006257702080451266
ERR2172380,fold_5,0.011480517351467052,0.0596139133594894,0.5127258631006559,0.4109107865276819,0.005268919660705627
ERR2172382,fold_5,0.020073798966338253,0.0643743023624949,0.5043210018754635,0.40583327295193466,0.0053976238437690085
ERR2172394,fold_5,0.016462421869705274,0.06963915578319374,0.35890038423358983,0.5479582213518942,0.00703981676161698
ERR2172406,fold_5,0.01744396078053174,0.0671661552376284,0.37463948508466627,0.5341660846159934,0.006584314281180524
ERR2172410,fold_5,0.020449095511517752,0.0522126646527461,0.40888365479303984,0.5120150887439724,0.00643949629872436
ERR2172411,fold_5,0.01615659890519453,0.05516956867385574,0.4054380369668627,0.5164290555835366,0.006806739870551021
ERR2172413,fold_5,0.02098501116602302,0.07204386567925275,0.4154542095415456,0.48358295897023157,0.007933954642947732
ERR2172432,fold_5,0.01876400571200998,0.070398299163752,0.34295837537350066,0.5596247570199756,0.008254562730761549
ERR2172446,fold_5,0.017882484745431845,0.0695870141669844,0.40736880036819695,0.49831486352812093,0.006846837191266245
ERR2172465,fold_5,0.019125580106484543,0.059573591110679704,0.31629914817174926,0.5974458877711101,0.007555792839976328
ERR2172467,fold_5,0.013242110905087095,0.05715333718889957,0.3835800982186653,0.539707125294007,0.006317328393341811
ERR2172470,fold_5,0.012931321478217501,0.053244993386407195,0.4143635325652685,0.5136258079147079,0.005834344655399839
ERR2172471,fold_5,0.01431082644037038,0.0521839554753073,0.3858087020489125,0.5413753303330129,0.006321185702397568
ERR2172512,fold_5,0.015320837555434395,0.07003385104516331,0.5886476490734623,0.32098549308411256,0.005012169241827478
ERR2172513,fold_5,0.013556623788894277,0.06881516841243983,0.5981183859014985,0.31369726736210707,0.0058125545350605
ERR2172517,fold_5,0.01311241710522798,0.06613898924994537,0.5865880926785736,0.3284207605737997,0.0057397403924535455
ERR2172524,fold_5,0.012881623420065833,0.06595884157021639,0.5875406639567502,0.3283781726262871,0.005240698426680784
ERR2172538,fold_5,0.013677259086565047,0.06667393246314286,0.5825365181879636,0.3328233135226399,0.004288976739688956
ERR2172547,fold_5,0.013875951363857438,0.06784302473094728,0.5590359336359219,0.35346775548114606,0.0057773347881280015
ERR2172552,fold_5,0.016472052349352832,0.0690093174599092,0.5347308930664848,0.37493176720654087,0.0048559699177126246
ERR2172571,fold_5,0.013899448085032769,0.06316655576869337,0.3261008693025894,0.587182353896979,0.00965077294670498
ERR2172578,fold_5,0.016125732165527897,0.0637690418401679,0.32722497424157965,0.5844905653096144,0.00838968644310961
ERR2172579,fold_5,0.01194698057274258,0.07838709627911329,0.3326843388544736,0.5669294827646825,0.010052101528988118
ERR2172581,fold_5,0.018175624885712456,0.07988683645249586,0.333095079858418,0.5602198238766928,0.008622634926681054
ERR2172585,fold_5,0.009782022097131166,0.05583707497200101,0.3112143114539834,0.6149662895123675,0.008200301964516661
ERR2172602,fold_5,0.011747064400913694,0.058267514446100316,0.3389545607111705,0.5827876884502977,0.00824317199151726
ERR2172607,fold_5,0.013295310427926551,0.05684027860946942,0.3241108489884506,0.5930086960786614,0.01274486589549145
ERR2172612,fold_5,0.014326802188777533,0.06256568442933501,0.3372568890311726,0.577095764215339,0.008754860135375618
ERR2172689,fold_5,0.013697701491743203,0.06404284575115997,0.2636144716328728,0.6501285737141633,0.00851640741006004
ERR2172712,fold_5,0.021864352733720005,0.09076421350608178,0.3748773897163134,0.5055347385990014,0.006959305444883902
ERR2172731,fold_5,0.016471682112595018,0.06700186007508324,0.5284981031685118,0.38276665486481665,0.005261699778993852
ERR2172751,fold_5,0.01684689907122725,0.069382833625508,0.5143377978591643,0.3943667145078459,0.005065754936254757
ERR2172777,fold_5,0.016223232270688035,0.06599510365226754,0.2517441852134773,0.6562055286949318,0.00983195016863525
ERR2172778,fold_5,0.02307973330584614,0.07188928303784925,0.27522063254401774,0.6218198706259318,0.007990480486354567
ERR2172780,fold_5,0.018766863280260792,0.062464147750513184,0.24977280766124138,0.659488233316988,0.009507947990995856
ERR2172783,fold_5,0.016707807068404374,0.060237840661748566,0.24906682027244048,0.6657439294872495,0.00824360251015654
ERR2172787,fold_5,0.014029179247849598,0.0630289214849784,0.25410605122152446,0.6608752878341775,0.007960560211469474
ERR2172788,fold_5,0.01428753994242022,0.06170133442996989,0.2448479247609411,0.6709415384873957,0.008221662379272772
ERR2172815,fold_5,0.010990767317398507,0.06281022671261596,0.2678956154522284,0.650493366153543,0.007810024364213901
ERR2172901,fold_5,0.01732132592086128,0.0768507469001679,0.23973959789871652,0.6554622685533184,0.010626060726936191
ERR2172943,fold_5,0.011345314858923225,0.057178721587270845,0.22759764554967232,0.6956629495404946,0.008215368463639102
ERR2172959,fold_5,0.01542786142140551,0.07243781702621613,0.23253738571361351,0.6635290377839778,0.01606789805478759
ERR2173011,fold_5,0.015841941446885204,0.06822970343988045,0.29046490557898574,0.6178424722049901,0.007620977329258972
ERR2173066,fold_5,0.01590205563294979,0.06168538539424754,0.217124675121354,0.6958766760717425,0.009411207779706296
ERR2173068,fold_5,0.01221263516442611,0.06238423330838839,0.21923012113903673,0.6978434094043702,0.008329600983778324
ERR2173073,fold_5,0.014123735904852826,0.06494163700415258,0.22371265883293906,0.6882070751749656,0.00901489308308994
ERR2173076,fold_5,0.012803947775823518,0.06472124094152847,0.21847459282646323,0.6957741739856443,0.008226044470540301
ERR2173087,fold_5,0.012775948204961786,0.06415332499380219,0.2256684680119916,0.6885104223042651,0.00889183648497959
ERR2173089,fold_5,0.01261686525310774,0.062255433041266114,0.21254231659360376,0.7008388174803015,0.011746567631720677
ERR2173120,fold_5,0.015174503567995726,0.0710927554699993,0.23756067759023264,0.6661314107630253,0.010040652608747137
ERR2173122,fold_5,0.01489975175180698,0.07029688616708954,0.24262533705973358,0.6622640849263912,0.009913940094978703
ERR2173126,fold_5,0.014754397761527597,0.07016170791528885,0.2374428665619729,0.667835857644676,0.009805170116534676
ERR2173144,fold_5,0.015171028591073303,0.06912735587298063,0.2392117170819176,0.6664927255556827,0.009997172898345992
ERR2173178,fold_5,0.01647160815919879,0.07205286839067661,0.2775726619305933,0.6258599545638841,0.008042906955647454
ERR2173184,fold_5,0.015122957118565851,0.0621748456964685,0.25803379469608256,0.6549783511115689,0.009690051377314322
ERR2173185,fold_5,0.025526049631797828,0.07526718380294943,0.2627346156922591,0.6244340449226192,0.012038105950374647
ERR2173207,fold_5,0.014210396135480122,0.0680875898959515,0.23789804032827574,0.6702596968357111,0.009544276804581558
ERR475481,fold_5,0.09739795991060861,0.4902695041926868,0.3291144930465147,0.05060088324737129,0.0326171596028189
ERR475483,fold_5,0.13941480230068506,0.32740071889586025,0.38604779977375747,0.09236466682307648,0.05477201220662065
ERR475534,fold_5,0.15372071067548163,0.42682777973059,0.320545739403921,0.052040049268768776,0.04686572092123845
ERR475541,fold_5,0.16339197952601744,0.42873833519905263,0.2998809092700252,0.0526229682701872,0.05536580773471723
ERR475545,fold_5,0.18320842958461306,0.42006456511597223,0.28175627168067713,0.0857171575279178,0.029253576090819695
ERR475549,fold_5,0.2186394035345027,0.30477078795044643,0.3484455631521288,0.07430258755145971,0.05384165781146259
ERR475563,fold_5,0.16243105559125026,0.3743821495369501,0.37702600518913587,0.06451489058146391,0.02164589910120066
ERR475566,fold_5,0.19891984505512417,0.3442880950816116,0.367483421821938,0.04593365015776258,0.04337498788356355
ERR5009484,fold_5,0.04131352322275796,0.0886135821622207,0.3708411683093802,0.4907157071907296,0.00851601911491181
ERR5009499,fold_5,0.015849856941909404,0.06491555460042633,0.25118638872773696,0.6580679268175779,0.00998027291234943
ERR5009565,fold_5,0.022025636021716356,0.06826119459447003,0.26075829661592703,0.6351920232853809,0.01376284948250545
ERR5009617,fold_5,0.014217131103024762,0.06377229018205668,0.22643816573770514,0.6869926843427921,0.00857972863442123
ERR5009653,fold_5,0.016413300989655877,0.06625557059233922,0.27523668546758423,0.6336197793581245,0.00847466359229626
ERR5009660,fold_5,0.012290999553446424,0.06248614864949674,0.22756457818957712,0.6886932774354879,0.008964996171991845
ERR5009667,fold_5,0.014856857677771774,0.06326776457551835,0.2783049538103285,0.6357896664441699,0.007780757492211968
ERR5009668,fold_5,0.015193573056130115,0.06162549289984636,0.2266312558898154,0.6882619211154376,0.008287757038770186
ERR5009678,fold_5,0.010874359945248263,0.061949562470120276,0.242119163034802,0.6757559251792482,0.009300989370581424
ERR5009680,fold_5,0.011894869833066063,0.06466769644525668,0.26852958105874675,0.6475893978270557,0.007318454835875242
ERR5009696,fold_5,0.012812071190471298,0.06898500368606841,0.26340834294618043,0.6466384053812941,0.008156176795985822
ERR5009702,fold_5,0.01791781230431849,0.07712913136737438,0.28222175984631437,0.6054158542264838,0.017315442255508542
ERR5009730,fold_5,0.012496340118588481,0.06755633248902643,0.2348065653965855,0.6720551989869014,0.01308556300889862
ERR674081,fold_5,0.18172951547571667,0.4484057452144751,0.29344706884489286,0.04735304804068572,0.029064622424229792
ERR674086,fold_5,0.09454870851421625,0.44095332350132294,0.26789789411242054,0.1583482688066321,0.0382518050654078
ERR674109,fold_5,0.09478361950403881,0.2450706256156762,0.285870100345826,0.3332471262453111,0.04102852828914773
ERR674129,fold_5,0.08646209728492354,0.4416405900280601,0.2891999961710842,0.15710726895517038,0.02559004756076176
ERR674132,fold_5,0.10216549007355015,0.5315195818082146,0.27814024301887524,0.06830749177776473,0.019867193321594825
ERR674133,fold_5,0.05422431889565396,0.5171227443065491,0.23995580119419493,0.16786649469130727,0.02083064091229434
ERR674142,fold_5,0.07006236763517043,0.2751156767874919,0.3042633909252383,0.32375206051044797,0.026806504141652227
ERR674167,fold_5,0.08746291271661019,0.37432545084085866,0.25912647844104847,0.214788447603426,0.06429671039805655
SRR10305363,fold_5,0.03466605851628838,0.0865570463132864,0.2475144115235032,0.600377219819478,0.03088526382744388
SRR10305386,fold_5,0.08360408375902648,0.18526306276744392,0.26748697606007465,0.14278185794716983,0.32086401946628546
SRR10305390,fold_5,0.05732421077498184,0.20595546706456577,0.297355895991639,0.21595153624262114,0.22341288992619274
SRR10305401,fold_5,0.06947426890552445,0.18839581388658602,0.25939441373893457,0.09069082611509421,0.392044677353861
SRR10305411,fold_5,0.07379734436909813,0.1128543943234928,0.24918124047684098,0.08984432519181094,0.47432269563875723
SRR10305417,fold_5,0.06875505350298203,0.13226010698623183,0.2482446017484343,0.20006808158038486,0.35067215618196684
SRR10442283,fold_5,0.5059247311460421,0.1587752645824359,0.21004600315460262,0.10133479543789849,0.02391920567902101
SRR10442284,fold_5,0.5815024567499889,0.15099750421735836,0.1781185561188208,0.07587503301733985,0.013506449896491501
SRR10442289,fold_5,0.5103140375427724,0.18343031841662788,0.1877806276389196,0.10298302272742077,0.015491993674259847
SRR10442292,fold_5,0.5759655115449289,0.17359186553693157,0.17295881111514155,0.06554901574915747,0.011934796053840194
SRR10442293,fold_5,0.6823758706235552,0.13546419420317862,0.13156444295234315,0.03740169399299773,0.013193798227924863
SRR10442298,fold_5,0.451812343607175,0.19564036953390665,0.22394466327672824,0.10730010688637816,0.021302516695812537
SRR10442299,fold_5,0.6367083036594925,0.1633705625339936,0.15136305274182196,0.03603380655297284,0.012524274511719294
SRR10442306,fold_5,0.7155020188435879,0.12757720825268207,0.12468545567797708,0.027072947826652743,0.005162369399099751
SRR10442310,fold_5,0.7237997095136355,0.10622033415650106,0.1309567498942327,0.03366870213619297,0.005354504299437005
SRR10442315,fold_5,0.5518012448029463,0.19614888058767335,0.16087507286463246,0.07778218824581591,0.013392613498932116
SRR10442316,fold_5,0.6566228636555634,0.11673133689062529,0.14684625131408627,0.07187374954707833,0.007925798592646326
SRR10442317,fold_5,0.5106030939765503,0.17331023153252473,0.18690370503638254,0.11438398742938595,0.014798982025156227
SRR10442321,fold_5,0.6697860959196075,0.10591494050936866,0.15106842689559535,0.060455609682582755,0.012774926992845336
SRR10442325,fold_5,0.6134928101678678,0.12565387375445022,0.14794017766224374,0.10308149768055065,0.009831640734887263
SRR10442334,fold_5,0.6793964539381189,0.14044450828039876,0.13851181542522564,0.030699577913609933,0.010947644442646055
SRR10442343,fold_5,0.6443172689798436,0.15708099348879148,0.14972979653936738,0.03784986350690087,0.011022077485095951
SRR10442346,fold_5,0.7107139583986187,0.11929502416878664,0.12753583161190965,0.03587058517378257,0.006584600646901804
SRR10442347,fold_5,0.6527419127893082,0.15169731685013577,0.1413317411741232,0.042013258447791656,0.012215770738641041
SRR10442349,fold_5,0.5872905858910522,0.18701061223360968,0.15853648581749208,0.0545764677315166,0.012585848326329661
SRR10442357,fold_5,0.6936440458710419,0.14721637862521006,0.1214505788930059,0.030915657514168634,0.006773339096573786
SRR10442373,fold_5,0.058204835937313695,0.19160084397021687,0.27024462563668206,0.45142686762577494,0.02852282683001263
SRR10442382,fold_5,0.6026209090984641,0.1310123647689704,0.17775218422517852,0.07339008611278647,0.015224455794600092
SRR10442386,fold_5,0.2657357079550544,0.2808111618065767,0.27199530165630614,0.15474696113695469,0.026710867445107988
SRR10442395,fold_5,0.7141463795840023,0.11831965338975946,0.11779129349050406,0.04068386652437998,0.009058807011353776
SRR1999133,fold_5,0.6744048751520912,0.07102700591222462,0.13871217519247792,0.08163585312453124,0.03422009061867528
SRR1999137,fold_5,0.6121190041364052,0.06229290024061284,0.14971917206672283,0.1529782624833121,0.022890661072947485
SRR1999146,fold_5,0.6954418558426091,0.07092191971028786,0.1341041500112878,0.060938158414277285,0.038593916021537875
SRR1999148,fold_5,0.6722437381121328,0.07526614839511073,0.14616637459222998,0.07431098456376593,0.03201275433676058
SRR1999152,fold_5,0.6486323837837101,0.06398782685240502,0.15928801488495506,0.07490460015695631,0.05318717432197354
SRR1999155,fold_5,0.5959871487570855,0.07854586655907117,0.18100162521466923,0.10819199301561941,0.0362733664535551
SRR1999157,fold_5,0.7015049960898811,0.0785037703651354,0.13751898221620626,0.055326756301025334,0.02714549502775187
SRR1999168,fold_5,0.6052307405661053,0.08820127062049121,0.1575249250080362,0.1029066254853389,0.04613643832002822
SRR1999172,fold_5,0.7300873705335611,0.06520245880188247,0.11692204026051398,0.05118066265430442,0.03660746774973832
SRR1999173,fold_5,0.5614164150904597,0.09139706150873961,0.1671565092033675,0.12402579351542875,0.05600422068200482
SRR1999183,fold_5,0.6470688075611254,0.09557007266897127,0.14333215639093957,0.08972966000399102,0.024299303374972964
SRR1999190,fold_5,0.6641511267467483,0.08235466647402821,0.14263580610496626,0.08594180143346901,0.02491659924078926
SRR1999203,fold_5,0.572146476148167,0.08472732869456287,0.16788305388497363,0.11260265263900947,0.06264048863328664
SRR1999206,fold_5,0.6741929807120313,0.08545482943937434,0.13874477895363624,0.07207909323301821,0.029528317661940206
SRR1999209,fold_5,0.6309724901004788,0.08304699157573987,0.15475621238749543,0.09976286379887835,0.03146144213740819
SRR1999213,fold_5,0.6916526498508331,0.08595022720257245,0.14052011324422972,0.060179308180385346,0.021697701521979897
SRR2143521,fold_5,0.09155191230422385,0.2948132567296675,0.2896531473105625,0.3035658874987698,0.02041579615677651
SRR2143593,fold_5,0.08300728153284345,0.3388979767815622,0.34974584956287846,0.20068642867528888,0.02766246344742706
SRR2143662,fold_5,0.051365801389652126,0.2656879075728551,0.2992032689434926,0.3619383411983323,0.021804680895668185
SRR2143712,fold_5,0.09538804375780806,0.4890725083890088,0.2716617165173548,0.12623572477199937,0.017642006563829037
SRR2143760,fold_5,0.0748146485789857,0.38075091507370157,0.34256220792610426,0.181787727430925,0.020084500990283284
SRR2143830,fold_5,0.0755845584116257,0.4047750733994657,0.30969825269978285,0.18287430790288178,0.027067807586243716
SRR2143865,fold_5,0.09503021273479575,0.33144798605193543,0.31824709547480357,0.2340805355660716,0.02119417017239379
SRR2143906,fold_5,0.05530411955454012,0.2654866308362378,0.3231751942314452,0.32747938746003735,0.028554667917739963
SRR2143943,fold_5,0.06801476407301212,0.5014805978391428,0.2946249563955809,0.11243187645670275,0.0234478052355611
SRR2143959,fold_5,0.0987600395541248,0.42566716359824297,0.33091768850558956,0.13035799528193204,0.01429711306011084
SRR2143963,fold_5,0.14978063457699722,0.2616794695584938,0.2856968659370733,0.2698465202532515,0.032996509674184736
SRR2143966,fold_5,0.11727131864399908,0.3743528549002603,0.3226373903036983,0.16909202221171715,0.016646413940325056
SRR2144005,fold_5,0.04136816488562141,0.2122757560170938,0.2780201037537621,0.44242486565801625,0.02591110968550702
SRR2144024,fold_5,0.10494898913661269,0.24033788186311617,0.29438959813182336,0.3386664550560798,0.02165707581236903
SRR2144029,fold_5,0.13803178948684924,0.45980521460895557,0.2776514801322297,0.10881707055812607,0.01569444521383925
SRR2144071,fold_5,0.045789953670852424,0.4351066509826274,0.25568417253117565,0.2405090345156132,0.022910188299731314
SRR2144098,fold_5,0.09389778824932413,0.43117803501626095,0.3054390455768762,0.1523089851411241,0.017176146016414325
SRR2144101,fold_5,0.06929667918762732,0.27037649626572474,0.2807796114578761,0.350629098543761,0.028918114545011375
SRR2144115,fold_5,0.07820906034195833,0.4264014967051767,0.30831180179519835,0.1651604764321214,0.021917164725545175
SRR22682208,fold_5,0.07003653593654147,0.18948447197977053,0.2465838242353519,0.08817010997841317,0.4057250578699235
SRR22682244,fold_5,0.06208799774124182,0.3385496646133776,0.2772696529739514,0.1492944515049413,0.17279823316648812
SRR22682261,fold_5,0.022787145753604517,0.12080930399851057,0.25297988010479033,0.5836781969533612,0.019745473189733225
SRR22682272,fold_5,0.03320948466887423,0.1214069399914085,0.26241234315507805,0.5574841245786358,0.025487107606003333
SRR22682308,fold_5,0.048051296805338733,0.19875216520798372,0.22805727916659535,0.04672148808733224,0.47841777073275027
SRR22682319,fold_5,0.07810647803049994,0.25586661457967813,0.2740152952525531,0.0446805873803825,0.3473310247568861
SRR22682497,fold_5,0.019957454552439774,0.1154634060001763,0.2629372106108323,0.5816963893954257,0.01994553944112601
SRR22682543,fold_5,0.02490772398298436,0.11674219972351942,0.2587356392167192,0.5453231896477532,0.054291247429024
SRR22682555,fold_5,0.050290428183604435,0.237998727789446,0.25960341450194285,0.058559217516205034,0.3935482120088017
SRR22682562,fold_5,0.024242951258087085,0.13733602201119183,0.2514855233133708,0.5240368842344247,0.06289861918292546
SRR22682570,fold_5,0.05788272382224711,0.12736857593491718,0.23373795259230498,0.134387137101026,0.4466236105495049
SRR22682593,fold_5,0.08158183099996734,0.19234050993202675,0.2859267962408417,0.07980030327647415,0.3603505595506904
SRR22682607,fold_5,0.05091791475679269,0.16822193049458214,0.20608327556269365,0.05001244572503874,0.5247644334608925
SRR2761069,fold_5,0.03766054358091081,0.07569180864785689,0.23895817489425097,0.6310946234722672,0.016594849404714302
SRR2761246,fold_5,0.0292021471179191,0.08617824398897661,0.238303767966116,0.6299628765969096,0.016352964330079198
SRR30050029,fold_5,0.07032732505892623,0.16858399269805466,0.2718389324146376,0.43738121053407286,0.05186853929430839
SRR30050040,fold_5,0.03626604176924588,0.144748245731614,0.2540074616410868,0.5217655488260583,0.04321270203199536
SRR30050126,fold_5,0.07037978393942451,0.1642374042796907,0.2790799113025742,0.43283017708094224,0.05347272339736832
SRR30050127,fold_5,0.07947205664888655,0.1714209544510269,0.2688935264139295,0.44516274768115577,0.035050714805001146
SRR30050132,fold_5,0.1570460434138074,0.18908093147988564,0.26882719317685405,0.34316808394421744,0.04187774798523574
SRR3206649,fold_5,0.16145126042919597,0.2791246671472881,0.348203895702484,0.18422747284967464,0.026992703871357295
SRR3206654,fold_5,0.1682687680599638,0.267459240997968,0.35668352340463294,0.1807552678995601,0.026833199637875015
SRR3206680,fold_5,0.16594055117977743,0.30987821589887105,0.3475193096910888,0.1505803066927263,0.026081616537536597
SRR3206681,fold_5,0.13638972791641293,0.24839652588418049,0.3716794398805871,0.20259002341877536,0.040944282900044524
SRR3361469,fold_5,0.09410674656262187,0.25113058405168004,0.32566427769090445,0.2828158558412734,0.0462825358535202
SRR3361475,fold_5,0.08667754458495276,0.30808212832576376,0.3453531324589504,0.21921981448058975,0.04066738014974321
SRR3361524,fold_5,0.0697939843279546,0.34234419760183016,0.33071828223317923,0.2242426097260533,0.032900926110982824
SRR3361540,fold_5,0.0647204303004005,0.3604596201864922,0.30197671856606007,0.23090379491065133,0.04193943603639565
SRR3361546,fold_5,0.05360122179498827,0.33150269016128214,0.28695868170281424,0.2806521276358556,0.047285278705059684
SRR3361593,fold_5,0.060151430631769295,0.3201402008750213,0.2941118170851434,0.2947136553317938,0.03088289607627238
SRR3361605,fold_5,0.07106243500020659,0.32029303476600574,0.33773374887497914,0.24339982787812509,0.027510953480683404
SRR3361624,fold_5,0.062918886264777,0.27756296634159994,0.28338352183576343,0.3401967864137307,0.035937839144129416
SRR3361632,fold_5,0.05556502153954571,0.4405947215445414,0.29880889723780585,0.17283314431685345,0.0321982153612543
SRR3361637,fold_5,0.05713711094940236,0.2767693008401506,0.28387770803928625,0.3373961089120304,0.044819771259131
SRR3361681,fold_5,0.056344266654344395,0.3418393575832245,0.32087674066305255,0.24331478727652012,0.03762484782285854
SRR3361682,fold_5,0.061088526748820184,0.46425858940015297,0.2689145859492628,0.17459475368886446,0.031143544212899422
SRR3362209,fold_5,0.08528027294710301,0.3617951743158775,0.3397482429133414,0.17072370051936125,0.04245260930431723
SRR3362257,fold_5,0.073170573715926,0.47040166644713743,0.3021572306210715,0.10707381810234524,0.047196711113519585
SRR3362267,fold_5,0.06846753616539888,0.4442247750556569,0.30181207893916434,0.16556748194224297,0.019928127897536684
SRR3362285,fold_5,0.06501264595628933,0.3856320303237682,0.32070902472102514,0.1957423818198087,0.032903917179108094
SRR3362288,fold_5,0.05424322843102679,0.3651964906588552,0.3209173156282726,0.22596682599515588,0.03367613928668952
SRR3667001,fold_5,0.05747951491051041,0.3305054781836206,0.22056000455419428,0.07551038250008903,0.315944619851586
SRR3667003,fold_5,0.04953999942571303,0.3629297513874238,0.21580542194442762,0.1775360736862657,0.19418875355616974
SRR3667012,fold_5,0.041052321938981166,0.3438683045320226,0.2609574683306803,0.21916918362003682,0.13495272157827914
SRR3667015,fold_5,0.06244992849463458,0.20552206421730768,0.2580715142886509,0.3493248138200239,0.12463167917938343
SRR3667017,fold_5,0.05390648055704345,0.2433940670288739,0.24759248171994994,0.23118873008174717,0.22391824061238558
SRR3667033,fold_5,0.061781507388345404,0.24305722126925106,0.2568874448620364,0.1973947012651078,0.24087912521525934
SRR5762489,fold_5,0.05784273741067117,0.22115171208006423,0.3464241250895325,0.3488048807113678,0.02577654470836466
SRR5762536,fold_5,0.06863570908807312,0.24765019642526787,0.33350723359185963,0.3192634585341754,0.030943402360624324
SRR5762538,fold_5,0.04953639388481808,0.17316260120900429,0.3731765680805266,0.3622142881913003,0.041910148634351635
SRR5762539,fold_5,0.0890348639926805,0.32221187097638865,0.3198456903522343,0.2386603953697632,0.030247179308933288
SRR5762545,fold_5,0.06177969760056167,0.28619109198059356,0.3625325429458277,0.25652565535673255,0.03297101211628486
SRR5762551,fold_5,0.09272611024121005,0.27333356473198817,0.33734812717894536,0.26050013492917645,0.03609206291868041
SRR5762554,fold_5,0.11416683779352545,0.3662434392773112,0.3277069758510156,0.17403236772309816,0.01785037935504964
SRR5762557,fold_5,0.11065205659246256,0.33774553382280953,0.32498154142908936,0.19360134516308597,0.03301952299255251
SRR6299726,fold_5,0.027885701635708488,0.0973607964642353,0.24962324846568926,0.6031740988317094,0.021956154602658144
SRR6299747,fold_5,0.029359531286508193,0.16873024441290216,0.25335411744530933,0.5271335462711666,0.021422560584114222
SRR6299751,fold_5,0.03631145058773705,0.14994624462613432,0.24401430880490133,0.5451711080343511,0.0245568879468766
SRR6299758,fold_5,0.02187608933597301,0.10398902226078212,0.23023551190112604,0.6277408424718027,0.0161585340303159
SRR6299777,fold_5,0.026319535684743198,0.11688176918779773,0.25356646842222247,0.586966871049143,0.01626535565609351
SRR6299782,fold_5,0.06466204583659153,0.17203892356706224,0.28783481257720533,0.43666319080777816,0.03880102721136323
SRR6299798,fold_5,0.024122374282285922,0.1156126456324,0.24010512300664488,0.5774636818062451,0.04269617527242447
SRR6299804,fold_5,0.02647683360725595,0.13037486551382316,0.26966092203746683,0.552784669237477,0.02070270960397711
SRR6299806,fold_5,0.04417111637492312,0.17830603021661096,0.2851626478759926,0.46895281830619295,0.02340738722628077
SRR6299828,fold_5,0.024374658377744666,0.11023783526865728,0.24097298951824994,0.599183260797777,0.025231256037570655
SRR6299830,fold_5,0.061443744252598916,0.22224023415374258,0.3004947113094413,0.3908020615785134,0.025019248705704166
SRR6299831,fold_5,0.05851687062858495,0.2860650797266988,0.3009787206809623,0.32235941927080153,0.03207990969295202
SRR6299835,fold_5,0.025563790872970903,0.13459634254200503,0.25845666007644746,0.562238308344115,0.019144898164461615
SRR6299855,fold_5,0.08683413557384209,0.18617188550348585,0.3084565588580165,0.38924650252873433,0.029290917535921893
SRR6299880,fold_5,0.09672068784418748,0.3043820478838608,0.326399449072887,0.25057054107289184,0.02192727412617284
SRR6299881,fold_5,0.04659775127709979,0.14159356593733408,0.2561661749023454,0.5291660061090342,0.026476501774186888
SRR6299894,fold_5,0.08093776693860423,0.20651235846718408,0.2850161486647065,0.39097346814026973,0.036560257789235426
SRR6299917,fold_5,0.05614605313796288,0.2174781119678622,0.25335223215896485,0.44784038460262193,0.025183218132588087
SRR6299921,fold_5,0.03410448757487674,0.12770223334454325,0.27339219292174494,0.5275877770775169,0.037213309081318716
SRR6299922,fold_5,0.0916579429335353,0.2984938728727666,0.3299350141989952,0.2533975640733088,0.026515605921394042
SRR6299934,fold_5,0.021910459151741887,0.11135739751036138,0.23113584042178367,0.6146592587115308,0.02093704420458206
SRR6299938,fold_5,0.07846388064149595,0.29552175666166636,0.3391274485637169,0.25079039737995173,0.03609651675316967
SRR6299941,fold_5,0.06326284577921133,0.20928296960663087,0.28462576060305544,0.401939295180283,0.040889128830819396
SRR6299961,fold_5,0.07772313784437647,0.2172901091720215,0.31109687495235083,0.3610210795510184,0.03286879848023319
SRR6299988,fold_5,0.016800681317891936,0.07831362341249562,0.2392352953516041,0.6546955976665961,0.010954802251412406
SRR6299990,fold_5,0.032151098188035646,0.1373859615270085,0.2664697070817192,0.5423601171652497,0.02163311603798708
SRR6299995,fold_5,0.030579423504785305,0.16201209261490856,0.2662816070644266,0.5066446517880532,0.034482225027826906
SRR6299997,fold_5,0.0416987281284801,0.16386007843137895,0.28215296329693623,0.48843540573682115,0.023852824406384292
SRR6300003,fold_5,0.07166156598182982,0.26059284748077044,0.336079954918139,0.2942949672357324,0.03737066438352807
SRR6300006,fold_5,0.030812211777290544,0.12818463646307604,0.24129429075994419,0.5658293417896229,0.03387951921006672
SRR6300011,fold_5,0.08511642110267442,0.1711868064258354,0.28945697079067834,0.42178680421444237,0.03245299746637
SRR6300014,fold_5,0.017090734345993952,0.08346002763318618,0.22592978311500886,0.6600137203592019,0.013505734546609104
SRR6300015,fold_5,0.1073155918006647,0.23192191696842632,0.3428026576980647,0.28311951818791353,0.03484031534493127
SRR6300035,fold_5,0.07024954370707143,0.33179636278740277,0.29258829837741746,0.28459722010667016,0.020768575021438643
SRR6300047,fold_5,0.0262331991429206,0.11857141552767822,0.26843644991229476,0.5632480465422337,0.023510888874873348
SRR6300051,fold_5,0.0682551950420144,0.2613660773430181,0.3126725568145516,0.3323057902610847,0.025400380539331108
SRR6300082,fold_5,0.06417399947080583,0.19026821640567926,0.2884320203734453,0.41681436111035547,0.04031140263971432
SRR6300087,fold_5,0.08623793359394176,0.20553088291721033,0.2725546782857422,0.4099009098505979,0.02577559535250821
SRR6300092,fold_5,0.0381043076601808,0.13707570370586186,0.2516509506380531,0.5520064952983681,0.0211625426975355
SRR6300093,fold_5,0.03828053840482554,0.18857892330714443,0.27878536233341794,0.46890370919137153,0.02545146676324069
SRR6300109,fold_5,0.07803359755834427,0.23280080151068608,0.2500934413243505,0.4021922291701982,0.036879930436421196
SRR6300115,fold_5,0.09420485723626838,0.26401302526316617,0.32386242250073244,0.28798960234477033,0.029930092655062794
SRR6300125,fold_5,0.018080006021378985,0.08060257878941487,0.24295220618026592,0.6465614109529744,0.011803798055965547
SRR6300142,fold_5,0.02735515176921171,0.1235614323638193,0.258022910373616,0.5738221057611099,0.017238399732242837
SRR8534034,fold_5,0.08801809119157379,0.14787698233304963,0.26615658536377707,0.31989479050419406,0.1780535506074058
SRR8534042,fold_5,0.06768860426868205,0.15362504963240425,0.28000753963216746,0.25868443880752306,0.23999436765922363
SRR8534046,fold_5,0.07973550020025369,0.17080826022847603,0.38827580412109425,0.1507285963838632,0.21045183906631285
SRR8534050,fold_5,0.06745247964384969,0.25412234609327733,0.41285258575321027,0.1287692791100798,0.13680330939958293
SRR8534076,fold_5,0.05615746154639228,0.131375182533819,0.2696507462502354,0.3711936099532079,0.17162299971634543
SRR8534088,fold_5,0.059936060226809175,0.1406129906684632,0.28601890624925574,0.296600067994098,0.21683197486137454
SRR8534089,fold_5,0.057801325477732465,0.14182479749379512,0.30424278295722934,0.33235864818810773,0.1637724458831353
SRR8534114,fold_5,0.08390714317160901,0.22938182650983538,0.33904324376482203,0.1501701262307376,0.19749766032299598
SRR8534148,fold_5,0.0631329420851171,0.23011006114370738,0.4377780969507341,0.11205207160792983,0.1569268282125115
SRR8534185,fold_5,0.10989316268680124,0.15552723643944882,0.41808141825000933,0.16292328713616275,0.15357489548757838
SRR8534233,fold_5,0.06017710272545962,0.19488255956763956,0.2761739259838634,0.3638195157300478,0.1049468959929895
SRR8534241,fold_5,0.02934360065388418,0.1450123300196424,0.23782224275975505,0.4765024743290047,0.1113193522377136
SRR8534249,fold_5,0.0919543804577854,0.1821711387381534,0.34420856242653314,0.235623109017047,0.14604280936048136
SRR9160237,fold_5,0.023991809527317887,0.14068939584100065,0.13459221010200778,0.02706709108132716,0.6736594934483465
SRR9160240,fold_5,0.01812103589431142,0.18051441135335633,0.12523376991513935,0.03029654385889197,0.6458342389783005
SRR9160243,fold_5,0.03323493444223747,0.07569654888437705,0.14977914873564588,0.03774181046250088,0.7035475574752386
SRR9160251,fold_5,0.03294785988490371,0.060980220240347036,0.14329520339003105,0.018910068479649707,0.7438666480050685
SRR9160255,fold_5,0.018190954901891224,0.11231564294112559,0.15102029195422995,0.02450599526356454,0.6939671149391893
SRR9160262,fold_5,0.02528121762855414,0.05007715851777527,0.13421147721375165,0.016884427264192318,0.7735457193757265
SRR9160270,fold_5,0.025704666783179023,0.04476000137156873,0.12664239195984953,0.02473436555739813,0.7781585743280042
SRR9160272,fold_5,0.02449481393311083,0.08604546497905906,0.17304666785948172,0.04240565740623076,0.6740073958221175
SRR9160274,fold_5,0.04894375418044505,0.0793145413262535,0.16870094513843012,0.05885158698440491,0.6441891723704658
SRR9160282,fold_5,0.05217794471143744,0.11341172066438422,0.21298804424987586,0.1248788064739188,0.4965434839003844
SRR9160285,fold_5,0.04887404652763832,0.17950542838600156,0.1766570019919114,0.0715780500264261,0.5233854730680229
SRR9160300,fold_5,0.05871698930597834,0.17167760915960484,0.23152817573333975,0.17334755847058353,0.36472966733049367
SRR9160306,fold_5,0.034176344512246104,0.08872356070630183,0.18261784811366225,0.04220686168863879,0.6522753849791507
SRR9160309,fold_5,0.03535306979930337,0.14989450118345088,0.2495376543658073,0.4761435979637852,0.08907117668765352
SRR9160310,fold_5,0.034562085918044154,0.07304249162674281,0.15515444885772564,0.03232808026314468,0.7049128933343428
SRR9160312,fold_5,0.044786404972888105,0.10522811435639773,0.22420491002371992,0.13159210318323683,0.49418846746375744
SRR9160328,fold_5,0.042467847125709016,0.05842171532673499,0.14741678257045981,0.013861783293473793,0.7378318716836221
SRR9160331,fold_5,0.028024081555454446,0.11389603179009475,0.19864395091456513,0.049289689606179424,0.6101462461337064
SRR9160342,fold_5,0.07385335177339716,0.2204035709847315,0.19942367205167924,0.044974914469071904,0.46134449072112027
SRR9160343,fold_5,0.038030783844956714,0.11281935117463048,0.16266598519574224,0.022970489147930543,0.6635133906367402
SRR9160357,fold_5,0.05219891379917411,0.09904573531555648,0.21275958167940043,0.057237550670289274,0.5787582185355795
